side	greater_affix	description_base	group	itypes	etypes	bands	greater_exact_mods	apex_affix	apex_exact_mods	apex_line	apex_mapping_note
prefix	Greater Godly	Greater +#% Enhanced Defense & Ethereal & Repairs 1 durability in # seconds	101	armo		early L50-65 req64 freq1 line1307; mid L66-80 req64 freq3 line1308; late L81-? req64 freq4 line1309	greater_m_ac% 300-300; greater_ethereal 1-1; greater_rep-dur(param=10)	Godly	ac% 201-225	196	exact base-name match
prefix	Greater Godly	Greater +#% Enhanced Defense	101	armo,shld		early L50-65 req64 freq37 line1304; mid L66-80 req64 freq73 line1305; late L81-? req64 freq110 line1306	greater_m_ac% 300-300; greater_red-dmg% 30-30	Godly	ac% 201-225	196	exact base-name match
prefix	Greater Godly	Greater +#% Enhanced Defense & Damage Reduced by #%	101	tors,shld		early L50-65 req71 freq1 line1310; mid L66-80 req71 freq3 line1311; late L81-? req71 freq4 line1312	greater_m_ac% 300-300; greater_red-dmg% 30-30	Godly	ac% 201-225	196	exact base-name match
prefix	Greater Antimagic	Greater Magic Resist +#%	102	shld,tors,orb,wand,staf		early L50-65 req68 freq3 line1313; mid L66-80 req68 freq5 line1314; late L81-? req68 freq8 line1315	greater_m_res-mag 30-30	Antimagic	res-mag 16-20	549	exact base-name match
prefix	Greater Bloody	Greater +# to Minimum Damage & +# to Maximum Damage	103	jewl		early L50-65 req75 freq3 line1316; mid L66-80 req75 freq5 line1317; late L81-? req75 freq8 line1318	greater_m_dmg-min 12-12; greater_dmg-max 24-24	Bloody	dmg-min 6-8; dmg-max 13-15	161	exact base-name match
prefix	Greater Bloody	Greater +# to Minimum Damage & +# to Maximum Damage	103	lcha		early L50-65 req75 freq1 line1319; mid L66-80 req75 freq2 line1320; late L81-? req75 freq3 line1321	greater_m_dmg-min 12-12; greater_dmg-max 24-24	Bloody	dmg-min 6-8; dmg-max 13-15	1083	exact base-name match
prefix	Greater Serrated	Greater +#% Enhanced Damage	104	lcha		early L50-65 req69 freq1 line1325; mid L66-80 req69 freq2 line1326; late L81-? req69 freq3 line1327	greater_m_dmg% 35-35	Serrated	dmg% 20-25	1054	exact base-name match
prefix	Greater Vermillion	Greater +# to Maximum Damage	104	jewl		early L50-65 req43 freq3 line1322; mid L66-80 req43 freq5 line1323; late L81-? req43 freq8 line1324	greater_m_dmg-max 20-20	Vermillion	dmg-max 11-15	157	exact base-name match
prefix	Greater Gritty	Greater +# to Maximum Damage (Based on Character Level)	105	weap	orb,wand,orb	early L50-65 req55 freq5 line1328; mid L66-80 req55 freq9 line1329; late L81-? req55 freq14 line1330	greater_m_dmg/lvl(param=21)	Gritty	dmg/lvl(param=16)	172	exact base-name match
prefix	Greater Ruby	Greater +#% Enhanced Damage	105	jewl		early L50-65 req49 freq3 line1334; mid L66-80 req49 freq7 line1335; late L81-? req49 freq10 line1336	greater_m_dmg% 52-52	Ruby	dmg% 31-40	23	exact base-name match
prefix	Greater Vicious	Greater +#% Enhanced Damage	105	circ		early L50-65 req54 freq8 line1331; mid L66-80 req54 freq16 line1332; late L81-? req54 freq24 line1333	greater_m_dmg% 52-52	Vicious	dmg% 26-40	18	exact base-name match
prefix	Greater Dun	Greater #% Damage Taken Goes To Mana	107	jewl		early L50-65 req4 freq2 line1340; mid L66-80 req4 freq4 line1341; late L81-? req4 freq6 line1342	greater_m_dmg-to-mana 20-20	Dun	dmg-to-mana 7-12	526	exact base-name match
prefix	Greater Vulpine	Greater #% Damage Taken Goes To Mana	107	shld,amul,orb,staf		early L50-65 req5 freq2 line1337; mid L66-80 req5 freq4 line1338; late L81-? req5 freq6 line1339	greater_m_dmg-to-mana 20-20	Vulpine	dmg-to-mana 7-12	524	exact base-name match
prefix	Greater Argent	Greater +# to Attack Rating	110	jewl		early L50-65 req31 freq3 line1352; mid L66-80 req31 freq5 line1353; late L81-? req31 freq8 line1354	greater_m_att 450-450	Argent	att 61-100	139	exact base-name match
prefix	Greater Gold	Greater +# to Attack Rating	110	weap,ring,circ,glov,amul	orb,wand	early L50-65 req14 freq4 line1346; mid L66-80 req14 freq8 line1347; late L81-? req14 freq12 line1348	greater_m_att 450-450	Gold	att 81-100	128	exact base-name match
prefix	Greater Platinum	Greater +# to Attack Rating	110	weap,ring,circ	orb,wand	early L50-65 req19 freq4 line1349; mid L66-80 req19 freq8 line1350; late L81-? req19 freq12 line1351	greater_m_att 450-450	Platinum	att 101-125	130	exact base-name match
prefix	Greater Steel	Greater +# to Attack Rating	110	lcha		early L50-65 req69 freq2 line1355; mid L66-80 req69 freq4 line1356; late L81-? req69 freq6 line1357	greater_m_att 450-450	Steel	att 118-132	1064	exact base-name match
prefix	Greater Weird	Greater +# to Attack Rating	110	weap	orb,wand	early L50-65 req34 freq3 line1343; mid L66-80 req34 freq5 line1344; late L81-? req34 freq8 line1345	greater_m_att 450-450	Weird	att 301-450	134	exact base-name match
prefix	Greater Grandmaster's	Greater +# to Attack Rating & +#% Enhanced Damage	111	weap	orb,wand	early L50-65 req75 freq1 line1289; mid L66-80 req75 freq3 line1290; late L81-? req75 freq4 line1291	greater_m_att 350-350; greater_dmg% 500-500	Grandmaster's	att 276-300; dmg% 301-350	78	exact base-name match
prefix	Greater Grandmaster's	Greater #% Crushing Blow & +#% Enhanced Damage	111	weap	orb,wand	early L50-65 req75 freq1 line1295; mid L66-80 req75 freq1 line1296; late L81-? req75 freq2 line1297	greater_m_crush 40-40; greater_dmg% 500-500	Grandmaster's	crush 15-30; dmg% 301-350	82	exact base-name match
prefix	Greater Grandmaster's	Greater #% Deadly Strike & +#% Enhanced Damage	111	weap	orb,wand	early L50-65 req75 freq1 line1292; mid L66-80 req75 freq1 line1293; late L81-? req75 freq2 line1294	greater_m_deadly 40-40; greater_dmg% 500-500	Grandmaster's	deadly 15-30; dmg% 301-350	80	exact base-name match
prefix	Greater Grandmaster's	Greater +#% Enhanced Damage & Ethereal & Repairs 1 durability in # seconds	111	weap	orb,wand	early L50-65 req68 freq1 line1301; mid L66-80 req68 freq3 line1302; late L81-? req68 freq4 line1303	greater_m_dmg% 500-500; greater_ethereal 1-1; greater_rep-dur(param=10)	Grandmaster's	openwounds 94-100; dmg% 301-350	84	exact base-name match
prefix	Greater Grandmaster's	Greater #% Open Wounds & +#% Enhanced Damage	111	weap	orb,wand	early L50-65 req75 freq1 line1298; mid L66-80 req75 freq1 line1299; late L81-? req75 freq2 line1300	greater_m_openwounds 100-100; greater_dmg% 500-500	Grandmaster's	openwounds 94-100; dmg% 301-350	84	exact base-name match
prefix	Greater Emerald	Greater #% Better Chance of Getting Magic Items	114	jewl		early L50-65 req10 freq3 line1361; mid L66-80 req10 freq5 line1362; late L81-? req10 freq8 line1363	greater_m_mag% 35-35	Emerald	mag% 3-7	534	exact base-name match
prefix	Greater Fortuitous	Greater #% Better Chance of Getting Magic Items	114	ring,amul,circ		early L50-65 req7 freq3 line1358; mid L66-80 req7 freq5 line1359; late L81-? req7 freq8 line1360	greater_m_mag% 35-35	Fortuitous	mag% 11-15	532	exact base-name match
prefix	Greater Lucky	Greater #% Better Chance of Getting Magic Items	114	lcha		early L50-65 req43 freq2 line1364; mid L66-80 req43 freq4 line1365; late L81-? req43 freq6 line1366	greater_m_mag% 35-35; greater_gold% 70-70	Lucky	mag% 20-25; gold% 40-50	1178	exact base-name match
prefix	Greater Bahamut's	Greater +# to Mana	115	rod,ring,amul,orb,circ		early L50-65 req31 freq1 line1370; mid L66-80 req31 freq3 line1371; late L81-? req31 freq4 line1372	greater_m_mana 85-85	Bahamut's	mana 91-120	511	exact base-name match
prefix	Greater Dragon's	Greater +# to Mana	115	tors,boot,glov		early L50-65 req33 freq1 line1376; mid L66-80 req33 freq3 line1377; late L81-? req33 freq4 line1378	greater_m_mana 85-85	Dragon's	mana 31-40	507	exact base-name match
prefix	Greater Mnemonic	Greater +# to Mana (Based on Character Level)	115	helm		early L50-65 req15 freq1 line1382; mid L66-80 req15 freq1 line1383; late L81-? req15 freq2 line1384	greater_m_mana/lvl(param=8)	Mnemonic	mana/lvl(param=6)	517	exact base-name match
prefix	Greater Serpent's	Greater +# to Mana	115	tors,boot,glov,weap,orb	rod	early L50-65 req23 freq1 line1367; mid L66-80 req23 freq3 line1368; late L81-? req23 freq4 line1369	greater_m_mana 85-85	Serpent's	mana 11-20	503	exact base-name match
prefix	Greater Serpent's	Greater +# to Mana	115	shld,rod,belt,ring,amul,circ		early L1-65 req9 freq2 line1373; mid L66-80 req9 freq4 line1374; late L81-? req9 freq6 line1375	greater_m_mana 85-85	Serpent's	mana 11-20	501	exact base-name match
prefix	Greater Serpent's	Greater +# to Mana	115	lcha		early L50-65 req72 freq1 line1385; mid L66-80 req72 freq2 line1386; late L81-? req72 freq3 line1387	greater_m_mana 85-85	Serpent's	mana 53-59	1174	exact base-name match
prefix	Greater Turquoise	Greater +# to Mana	115	jewl		early L50-65 req18 freq1 line1379; mid L66-80 req18 freq3 line1380; late L81-? req18 freq4 line1381	greater_m_mana 85-85	Turquoise	mana 16-20	515	exact base-name match
prefix	Greater Chromatic	Greater All Resistances +#	116	amul,circ		early L50-65 req35 freq2 line1388; mid L66-80 req35 freq4 line1389; late L81-? req35 freq6 line1390	greater_m_res-all 40-40	Chromatic	res-all 21-30	490	exact base-name match
prefix	Greater Chromatic	Greater All Resistances +#	116	shld		early L50-65 req36 freq3 line1391; mid L66-80 req36 freq5 line1392; late L81-? req36 freq8 line1393	greater_m_res-all 40-40	Chromatic	res-all 21-30	484	exact base-name match
prefix	Greater Scintillating	Greater All Resistances +#	116	jewl		early L50-65 req22 freq1 line1394; mid L66-80 req22 freq1 line1395; late L81-? req22 freq2 line1396	greater_m_res-all 25-25	Scintillating	res-all 11-15	497	exact base-name match
prefix	Greater Scintillating	Greater All Resistances +#	116	ring		early L50-65 req50 freq1 line1400; mid L66-80 req50 freq3 line1401; late L81-? req50 freq4 line1402	greater_m_res-all 25-25	Scintillating	res-all 13-17	494	exact base-name match
prefix	Greater Shimmering	Greater All Resistances +#	116	lcha		early L50-65 req69 freq1 line1397; mid L66-80 req69 freq2 line1398; late L81-? req69 freq3 line1399	greater_m_res-all 18-18	Shimmering	res-all 10-12	1180	exact base-name match
prefix	Greater Ambergris	Greater Lightning Resist +#%	117	jewl		early L50-65 req12 freq3 line1442; mid L66-80 req12 freq5 line1443; late L81-? req12 freq8 line1444	greater_m_res-ltng 40-40	Ambergris	res-ltng 16-30	466	exact base-name match
prefix	Greater Cobalt	Greater Cold Resist +#%	117	weap	orb	early L50-65 req35 freq1 line1403; mid L66-80 req35 freq3 line1404; late L81-? req35 freq4 line1405	greater_m_res-cold 40-40	Cobalt	res-cold 21-30	439	exact base-name match
prefix	Greater Cobalt	Greater Cold Resist +#%	117	armo,ring,amul,orb,circ		early L50-65 req11 freq2 line1427; mid L66-80 req11 freq4 line1428; late L81-? req11 freq6 line1429	greater_m_res-cold 40-40	Cobalt	res-cold 21-30	437	exact base-name match
prefix	Greater Jade	Greater Poison Resist +#%	117	jewl		early L50-65 req12 freq3 line1445; mid L66-80 req12 freq5 line1446; late L81-? req12 freq8 line1447	greater_m_res-pois 40-40	Jade	res-pois 16-30	478	exact base-name match
prefix	Greater Sapphire	Greater Cold Resist +#%	117	rod,boot,amul,orb,circ		early L50-65 req15 freq2 line1415; mid L66-80 req15 freq4 line1416; late L81-? req15 freq6 line1417	greater_m_res-cold 40-40	Sapphire	res-cold 31-40	441	exact base-name match
prefix	Greater Sapphire	Greater Cold Resist +#%	117	jewl		early L50-65 req12 freq3 line1439; mid L66-80 req12 freq5 line1440; late L81-? req12 freq8 line1441	greater_m_res-cold 40-40	Sapphire	res-cold 16-30	444	exact base-name match
prefix	Greater Sapphire	Greater Cold Resist +#%	117	lcha		early L50-65 req47 freq2 line1448; mid L66-80 req47 freq4 line1449; late L81-? req47 freq6 line1450	greater_m_res-cold 40-40	Sapphire	res-cold 26-30	1146	exact base-name match
prefix	Greater Garnet	Greater Fire Resist +#%	118	weap	orb	early L50-65 req35 freq1 line1406; mid L66-80 req35 freq1 line1407; late L81-? req35 freq2 line1408	greater_m_res-fire 40-40	Garnet	res-fire 21-30	450	exact base-name match
prefix	Greater Garnet	Greater Fire Resist +#%	118	armo,ring,amul,orb,circ		early L50-65 req11 freq2 line1430; mid L66-80 req11 freq4 line1431; late L81-? req11 freq6 line1432	greater_m_res-fire 40-40	Garnet	res-fire 21-30	448	exact base-name match
prefix	Greater Ruby	Greater Fire Resist +#%	118	rod,boot,amul,orb,circ		early L50-65 req15 freq2 line1418; mid L66-80 req15 freq4 line1419; late L81-? req15 freq6 line1420	greater_m_res-fire 40-40	Ruby	res-fire 31-40	452	exact base-name match
prefix	Greater Ruby	Greater Fire Resist +#%	118	lcha		early L50-65 req47 freq2 line1451; mid L66-80 req47 freq4 line1452; late L81-? req47 freq6 line1453	greater_m_res-fire 40-40	Ruby	res-fire 26-30	1151	exact base-name match
prefix	Greater Amber	Greater Lightning Resist +#%	119	rod,boot,amul,orb,circ		early L50-65 req15 freq2 line1421; mid L66-80 req15 freq4 line1422; late L81-? req15 freq6 line1423	greater_m_res-ltng 40-40	Amber	res-ltng 31-40	463	exact base-name match
prefix	Greater Amber	Greater Lightning Resist +#%	119	lcha		early L50-65 req47 freq2 line1454; mid L66-80 req47 freq4 line1455; late L81-? req47 freq6 line1456	greater_m_res-ltng 40-40	Amber	res-ltng 26-30	1156	exact base-name match
prefix	Greater Coral	Greater Lightning Resist +#%	119	weap	orb	early L50-65 req35 freq1 line1409; mid L66-80 req35 freq1 line1410; late L81-? req35 freq2 line1411	greater_m_res-ltng 40-40	Coral	res-ltng 21-30	461	exact base-name match
prefix	Greater Coral	Greater Lightning Resist +#%	119	armo,ring,amul,orb,circ		early L50-65 req11 freq2 line1433; mid L66-80 req11 freq4 line1434; late L81-? req11 freq6 line1435	greater_m_res-ltng 40-40	Coral	res-ltng 21-30	459	exact base-name match
prefix	Greater Emerald	Greater Poison Resist +#%	120	rod,boot,amul,orb,circ		early L50-65 req15 freq2 line1424; mid L66-80 req15 freq4 line1425; late L81-? req15 freq6 line1426	greater_m_res-pois 40-40	Emerald	res-pois 31-40	475	exact base-name match
prefix	Greater Emerald	Greater Poison Resist +#%	120	lcha		early L50-65 req47 freq2 line1457; mid L66-80 req47 freq4 line1458; late L81-? req47 freq6 line1459	greater_m_res-pois 40-40	Emerald	res-pois 26-30	1161	exact base-name match
prefix	Greater Jade	Greater Poison Resist +#%	120	weap	orb	early L50-65 req35 freq1 line1412; mid L66-80 req35 freq1 line1413; late L81-? req35 freq2 line1414	greater_m_res-pois 40-40	Jade	res-pois 21-30	473	exact base-name match
prefix	Greater Jade	Greater Poison Resist +#%	120	armo,ring,amul,orb,circ		early L50-65 req11 freq2 line1436; mid L66-80 req11 freq4 line1437; late L81-? req11 freq6 line1438	greater_m_res-pois 40-40	Jade	res-pois 21-30	471	exact base-name match
prefix	Greater Aureolin	Greater +# to Mana after each Kill	121	jewl		early L50-65 req14 freq3 line1463; mid L66-80 req14 freq5 line1464; late L81-? req14 freq8 line1465	greater_m_mana-kill 5-5	Aureolin	mana-kill 1-3	522	exact base-name match
prefix	Greater Victorious	Greater +# to Mana after each Kill	121	weap		early L50-65 req10 freq3 line1460; mid L66-80 req10 freq5 line1461; late L81-? req10 freq8 line1462	greater_m_mana-kill 5-5	Victorious	mana-kill 2-5	520	exact base-name match
prefix	Greater Celestial	Greater +# to Attack Rating against Demons & +#% Damage to Demons	123	weap	wand,orb	early L50-65 req35 freq1 line1466; mid L66-80 req35 freq1 line1467; late L81-? req35 freq2 line1468	greater_m_att-demon 550-550; greater_dmg-demon 425-425	Celestial	att-demon 301-400; dmg-demon 201-300	112	exact base-name match
prefix	Greater Diamond	Greater +# to Attack Rating against Demons & +#% Damage to Demons	123	jewl		early L50-65 req16 freq1 line1469; mid L66-80 req16 freq1 line1470; late L81-? req16 freq2 line1471	greater_m_att-demon 550-550; greater_dmg-demon 425-425	Diamond	att-demon 25-50; dmg-demon 25-40	114	exact base-name match
prefix	Greater Accursed	Greater +# to Curses	125	wand,head,amul,circ		early L50-65 req38 freq1 line1580; mid L66-80 req38 freq1 line1581; late L81-? req38 freq2 line1582	greater_m_skilltab(param=6) 4-4	Accursed	skilltab(param=6) 3-3	314	exact base-name match
prefix	Greater Arch-Angel's	Greater +# to Sorceress Skill Levels	125	amul,circ		early L50-65 req57 freq1 line1493; mid L66-80 req57 freq3 line1494; late L81-? req57 freq4 line1495	greater_m_sor 3-3	Arch-Angel's	sor 2-2	253	exact base-name match
prefix	Greater Arch-Angel's	Greater +# to Sorceress Skill Levels	125	tors		early L50-65 req64 freq1 line1526; mid L66-80 req64 freq1 line1527; late L81-? req64 freq2 line1528	greater_m_sor 3-3	Arch-Angel's	sor 2-2	251	exact base-name match
prefix	Greater Arch-Angel's	Greater +# to Sorceress Skill Levels	125	staf,orb		early L50-65 req36 freq1 line1550; mid L66-80 req36 freq3 line1551; late L81-? req36 freq4 line1552	greater_m_sor 3-3	Arch-Angel's	sor 2-2	256	exact base-name match
prefix	Greater Arch-Devil's	Greater +# Warlock Skill Levels	125	amul,circ		early L50-65 req57 freq1 line1505; mid L66-80 req57 freq1 line1506; late L81-? req57 freq2 line1507	greater_m_war 3-3	Arch-Devil's	war 2-2	1228	exact base-name match
prefix	Greater Arch-Devil's	Greater +# Warlock Skill Levels	125	knif,grim		early L50-65 req36 freq1 line1541; mid L66-80 req36 freq1 line1542; late L81-? req36 freq2 line1543	greater_m_war 3-3	Arch-Devil's	war 2-2	1231	exact base-name match
prefix	Greater Archer's	Greater +# to Bow and Crossbow Skills	125	miss,glov		early L50-65 req38 freq1 line1556; mid L66-80 req38 freq1 line1557; late L81-? req38 freq2 line1558	greater_m_skilltab(param=0) 4-4	Archer's	skilltab(param=0) 3-3	290	exact base-name match
prefix	Greater Athlete's	Greater +# to Passive and Magic Skills	125	glov,amul,circ		early L50-65 req38 freq1 line1568; mid L66-80 req38 freq1 line1569; late L81-? req38 freq2 line1570	greater_m_skilltab(param=1) 4-4	Athlete's	skilltab(param=1) 3-3	294	exact base-name match
prefix	Greater Berserker's	Greater +# to Barbarian Skill Levels	125	amul,circ		early L50-65 req57 freq1 line1496; mid L66-80 req57 freq3 line1497; late L81-? req57 freq4 line1498	greater_m_bar 3-3	Berserker's	bar 2-2	262	exact base-name match
prefix	Greater Berserker's	Greater +# to Barbarian Skill Levels	125	tkni,axe,spea,club,swor,hamm,mace	jave	early L50-65 req36 freq1 line1514; mid L66-80 req36 freq1 line1515; late L81-? req36 freq2 line1516	greater_m_bar 3-3	Berserker's	bar 2-2	265	exact base-name match
prefix	Greater Berserker's	Greater +# to Barbarian Skill Levels	125	tors		early L50-65 req64 freq1 line1529; mid L66-80 req64 freq1 line1530; late L81-? req64 freq2 line1531	greater_m_bar 3-3	Berserker's	bar 2-2	260	exact base-name match
prefix	Greater Berserker's	Greater +# to Barbarian Skill Levels	125	phlm		early L50-65 req36 freq1 line1553; mid L66-80 req36 freq3 line1554; late L81-? req36 freq4 line1555	greater_m_bar 3-3	Berserker's	bar 2-2	268	exact base-name match
prefix	Greater Communal	Greater +# to Shape Shifting Skills	125	club,pelt,amul,circ		early L50-65 req38 freq1 line1601; mid L66-80 req38 freq1 line1602; late L81-? req38 freq2 line1603	greater_m_skilltab(param=16) 4-4	Communal	skilltab(param=16) 3-3	354	exact base-name match
prefix	Greater Cunning	Greater +# to Traps	125	h2h,amul,circ		early L50-65 req38 freq1 line1607; mid L66-80 req38 freq1 line1608; late L81-? req38 freq2 line1609	greater_m_skilltab(param=18) 4-4	Cunning	skilltab(param=18) 3-3	362	exact base-name match
prefix	Greater Echoing	Greater +# to Warcries	125	phlm,weap,amul	miss,rod	early L50-65 req38 freq1 line1565; mid L66-80 req38 freq1 line1566; late L81-? req38 freq2 line1567	greater_m_skilltab(param=14) 4-4	Echoing	skilltab(param=14) 3-3	346	exact base-name match
prefix	Greater Forbidden	Greater +# Skill Tab (Class)	125	knif,grim,amul,swor,circ	tkni	early L50-65 req38 freq1 line1619; mid L66-80 req38 freq1 line1620; late L81-? req38 freq1 line1621	greater_m_skilltab(param=22) 4-4	Forbidden	skilltab(param=22) 3-3	1221	exact base-name match
prefix	Greater Furious	Greater +# to Combat Skills	125	phlm,weap,amul	miss,rod	early L50-65 req38 freq1 line1562; mid L66-80 req38 freq1 line1563; late L81-? req38 freq2 line1564	greater_m_skilltab(param=13) 4-4	Furious	skilltab(param=13) 3-3	342	exact base-name match
prefix	Greater Gaea's	Greater +# to Elemental Skills	125	club,pelt,amul,circ		early L50-65 req38 freq1 line1604; mid L66-80 req38 freq1 line1605; late L81-? req38 freq2 line1606	greater_m_skilltab(param=17) 4-4	Gaea's	skilltab(param=17) 3-3	358	exact base-name match
prefix	Greater Glacial	Greater +# to Cold Skills	125	staf,orb,amul,circ		early L50-65 req38 freq1 line1577; mid L66-80 req38 freq1 line1578; late L81-? req38 freq2 line1579	greater_m_skilltab(param=5) 4-4	Glacial	skilltab(param=5) 3-3	310	exact base-name match
prefix	Greater Golemlord's	Greater +# to Summoning Skills	125	wand,head,amul,circ		early L50-65 req38 freq1 line1586; mid L66-80 req38 freq1 line1587; late L81-? req38 freq2 line1588	greater_m_skilltab(param=8) 4-4	Golemlord's	skilltab(param=8) 3-3	322	exact base-name match
prefix	Greater Guardian's	Greater +# to Defensive Auras	125	shld,ashd,amul,circ		early L50-65 req38 freq1 line1595; mid L66-80 req38 freq1 line1596; late L81-? req38 freq2 line1597	greater_m_skilltab(param=11) 4-4	Guardian's	skilltab(param=11) 3-3	334	exact base-name match
prefix	Greater Hierophant's	Greater +# to Druid Skill Levels	125	amul,circ		early L50-65 req57 freq1 line1499; mid L66-80 req57 freq3 line1500; late L81-? req57 freq4 line1501	greater_m_dru 3-3	Hierophant's	dru 2-2	274	exact base-name match
prefix	Greater Hierophant's	Greater +# to Druid Skill Levels	125	tors		early L50-65 req64 freq1 line1532; mid L66-80 req64 freq1 line1533; late L81-? req64 freq2 line1534	greater_m_dru 3-3	Hierophant's	dru 2-2	272	exact base-name match
prefix	Greater Hierophant's	Greater +# to Druid Skill Levels	125	club,pelt		early L50-65 req36 freq1 line1538; mid L66-80 req36 freq3 line1539; late L81-? req36 freq4 line1540	greater_m_dru 3-3	Hierophant's	dru 2-2	277	exact base-name match
prefix	Greater Keeper's	Greater +# to Summoning Skills	125	club,pelt,amul,circ		early L50-65 req38 freq1 line1598; mid L66-80 req38 freq1 line1599; late L81-? req38 freq2 line1600	greater_m_skilltab(param=15) 4-4	Keeper's	skilltab(param=15) 3-3	350	exact base-name match
prefix	Greater Kenshi's	Greater +# to Martial Arts	125	h2h,amul,glov,circ		early L50-65 req38 freq1 line1613; mid L66-80 req38 freq1 line1614; late L81-? req38 freq2 line1615	greater_m_skilltab(param=20) 4-4	Kenshi's	skilltab(param=20) 3-3	370	exact base-name match
prefix	Greater Lancer's	Greater +# to Javelin and Spear Skills	125	spea,glov		early L50-65 req38 freq1 line1625; mid L66-80 req38 freq1 line1626; late L81-? req38 freq2 line1627	greater_m_skilltab(param=2) 4-4	Lancer's	skilltab(param=2) 3-3	298	exact base-name match
prefix	Greater Malevolent	Greater +# Skill Tab (Class)	125	knif,grim,amul,circ		early L50-65 req38 freq1 line1622; mid L66-80 req38 freq1 line1623; late L81-? req38 freq1 line1624	greater_m_skilltab(param=21) 4-4	Malevolent	skilltab(param=21) 3-3	1225	exact base-name match
prefix	Greater Marshal's	Greater +# to Offensive Auras	125	scep,swor,mace,shld,ashd,amul,circ		early L50-65 req38 freq1 line1592; mid L66-80 req38 freq1 line1593; late L81-? req38 freq2 line1594	greater_m_skilltab(param=10) 4-4	Marshal's	skilltab(param=10) 3-3	330	exact base-name match
prefix	Greater Master's	Greater +# to Masteries	125	phlm,weap,helm	miss,rod	early L50-65 req38 freq1 line1559; mid L66-80 req38 freq1 line1560; late L81-? req38 freq2 line1561	greater_m_skilltab(param=12) 4-4	Master's	skilltab(param=12) 3-3	338	exact base-name match
prefix	Greater Necromancer's	Greater +# to Necromancer Skill Levels	125	amul,circ		early L50-65 req57 freq1 line1490; mid L66-80 req57 freq3 line1491; late L81-? req57 freq4 line1492	greater_m_nec 3-3	Necromancer's	nec 2-2	244	exact base-name match
prefix	Greater Necromancer's	Greater +# to Necromancer Skill Levels	125	tors		early L50-65 req64 freq1 line1523; mid L66-80 req64 freq1 line1524; late L81-? req64 freq2 line1525	greater_m_nec 3-3	Necromancer's	nec 2-2	242	exact base-name match
prefix	Greater Necromancer's	Greater +# to Necromancer Skill Levels	125	wand,knif,head		early L50-65 req36 freq1 line1547; mid L66-80 req36 freq3 line1548; late L81-? req36 freq4 line1549	greater_m_nec 3-3	Necromancer's	nec 2-2	247	exact base-name match
prefix	Greater Omniscient	Greater +# to All Skills	125	tors,amul		early L50-65 req68 freq1 line1472; mid L66-80 req68 freq1 line1473; late L81-? req68 freq2 line1474	greater_m_allskills 3-3	Omniscient	allskills 2-2	217	exact base-name match
prefix	Greater Powered	Greater +# to Lightning Skills	125	staf,orb,amul,circ		early L50-65 req38 freq1 line1574; mid L66-80 req38 freq1 line1575; late L81-? req38 freq2 line1576	greater_m_skilltab(param=4) 4-4	Powered	skilltab(param=4) 3-3	306	exact base-name match
prefix	Greater Priest's	Greater +# to Paladin Skill Levels	125	amul,circ		early L50-65 req57 freq1 line1487; mid L66-80 req57 freq3 line1488; late L81-? req57 freq4 line1489	greater_m_pal 3-3	Priest's	pal 2-2	232	exact base-name match
prefix	Greater Priest's	Greater +# to Paladin Skill Levels	125	scep,ashd		early L50-65 req36 freq1 line1508; mid L66-80 req36 freq3 line1509; late L81-? req36 freq4 line1510	greater_m_pal 3-3	Priest's	pal 2-2	235	exact base-name match
prefix	Greater Priest's	Greater +# to Paladin Skill Levels	125	swor,mace,hamm,shld		early L50-65 req49 freq1 line1511; mid L66-80 req49 freq3 line1512; late L81-? req49 freq4 line1513	greater_m_pal 3-3	Priest's	pal 2-2	238	exact base-name match
prefix	Greater Priest's	Greater +# to Paladin Skill Levels	125	tors		early L50-65 req64 freq1 line1520; mid L66-80 req64 freq1 line1521; late L81-? req64 freq2 line1522	greater_m_pal 3-3	Priest's	pal 2-2	230	exact base-name match
prefix	Greater Rose Branded	Greater +# to Combat Skills	125	scep,swor,mace,shld,ashd,amul,circ		early L50-65 req38 freq1 line1589; mid L66-80 req38 freq1 line1590; late L81-? req38 freq2 line1591	greater_m_skilltab(param=9) 4-4	Rose Branded	skilltab(param=9) 3-3	326	exact base-name match
prefix	Greater Sage's	Greater +# to All Skills	125	amul,tors,shld		early L50-65 req43 freq1 line1475; mid L66-80 req43 freq1 line1476; late L81-? req43 freq2 line1477	greater_m_allskills 3-3	Sage's	allskills 1-1	213	exact base-name match
prefix	Greater Sage's	Greater +# to All Skills	125	ring		early L50-65 req68 freq1 line1478; mid L66-80 req68 freq1 line1479; late L81-? req68 freq2 line1480	greater_m_allskills 3-3	Sage's	allskills 1-1	215	exact base-name match
prefix	Greater Shadow	Greater +# to Shadow Disciplines	125	h2h,amul,helm,circ		early L50-65 req38 freq1 line1610; mid L66-80 req38 freq1 line1611; late L81-? req38 freq2 line1612	greater_m_skilltab(param=19) 4-4	Shadow	skilltab(param=19) 3-3	366	exact base-name match
prefix	Greater Torrid	Greater +# Skill Tab (Class)	125	knif,grim,amul,circ		early L50-65 req38 freq1 line1616; mid L66-80 req38 freq1 line1617; late L81-? req38 freq1 line1618	greater_m_skilltab(param=23) 4-4	Torrid	skilltab(param=23) 3-3	1217	exact base-name match
prefix	Greater Valkyrie's	Greater +# to Amazon Skill Levels	125	miss,spea		early L50-65 req36 freq1 line1481; mid L66-80 req36 freq3 line1482; late L81-? req36 freq4 line1483	greater_m_ama 3-3	Valkyrie's	ama 2-2	226	exact base-name match
prefix	Greater Valkyrie's	Greater +# to Amazon Skill Levels	125	amul,circ		early L50-65 req57 freq1 line1484; mid L66-80 req57 freq3 line1485; late L81-? req57 freq4 line1486	greater_m_ama 3-3	Valkyrie's	ama 2-2	223	exact base-name match
prefix	Greater Valkyrie's	Greater +# to Amazon Skill Levels	125	tors		early L50-65 req64 freq1 line1517; mid L66-80 req64 freq1 line1518; late L81-? req64 freq2 line1519	greater_m_ama 3-3	Valkyrie's	ama 2-2	221	exact base-name match
prefix	Greater Venomous	Greater +# to Poison and Bone Skills	125	wand,head,amul,knif,circ	tkni	early L50-65 req38 freq1 line1583; mid L66-80 req38 freq1 line1584; late L81-? req38 freq2 line1585	greater_m_skilltab(param=7) 4-4	Venomous	skilltab(param=7) 3-3	318	exact base-name match
prefix	Greater Volcanic	Greater +# to Fire Skills	125	staf,orb,amul,circ		early L50-65 req38 freq1 line1571; mid L66-80 req38 freq1 line1572; late L81-? req38 freq2 line1573	greater_m_skilltab(param=3) 4-4	Volcanic	skilltab(param=3) 3-3	302	exact base-name match
prefix	Greater Witch-hunter's	Greater +# to Assassin Skill Levels	125	amul,circ		early L50-65 req57 freq1 line1502; mid L66-80 req57 freq3 line1503; late L81-? req57 freq4 line1504	greater_m_ass 3-3	Witch-hunter's	ass 2-2	283	exact base-name match
prefix	Greater Witch-hunter's	Greater +# to Assassin Skill Levels	125	tors		early L50-65 req64 freq1 line1535; mid L66-80 req64 freq1 line1536; late L81-? req64 freq2 line1537	greater_m_ass 3-3	Witch-hunter's	ass 2-2	281	exact base-name match
prefix	Greater Witch-hunter's	Greater +# to Assassin Skill Levels	125	h2h		early L50-65 req36 freq1 line1544; mid L66-80 req36 freq3 line1545; late L81-? req36 freq4 line1546	greater_m_ass 3-3	Witch-hunter's	ass 2-2	286	exact base-name match
prefix	Greater Avatar	Greater Adds #-# Fire/Lightning/Cold Damage	137	lcha		early L50-65 req72 freq1 line1634; mid L66-80 req72 freq1 line1635; late L81-? req72 freq1 line1636	greater_dmg-elem 45-45; greater-affix-marker 1-1	Avatar	dmg-elem 20-30	1137	exact base-name match
prefix	Greater Boreal	Greater Cold Length # of Frames (25 Frames = 1 Second) & +# to Minimum Cold Damage & +# to Maximum Cold Damage	137	weap,circ		early L50-65 req34 freq1 line1631; mid L66-80 req34 freq1 line1632; late L81-? req34 freq2 line1633	greater_m_cold-len 98-98; greater_cold-min 30-30; greater_cold-max 117-117	Boreal	cold-len 75-75; cold-min 16-23; cold-max 46-90	409	exact base-name match
prefix	Greater Hibernal	Greater Cold Length # of Frames (25 Frames = 1 Second) & +# to Minimum Cold Damage & +# to Maximum Cold Damage	137	weap		early L50-65 req51 freq1 line1628; mid L66-80 req51 freq1 line1629; late L81-? req51 freq2 line1630	greater_m_cold-len 130-130; greater_cold-min 59-59; greater_cold-max 182-182	Hibernal	cold-len 100-100; cold-min 24-45; cold-max 91-140	411	exact base-name match
prefix	Greater Scorching	Greater +# to Minimum Fire Damage & +# to Maximum Fire Damage	138	weap		early L50-65 req57 freq1 line1637; mid L66-80 req57 freq1 line1638; late L81-? req57 freq2 line1639	greater_m_fire-min 221-221; greater_fire-max 312-312	Scorching	fire-min 121-170; fire-max 181-240	418	exact base-name match
prefix	Greater Smoking	Greater +# to Minimum Fire Damage & +# to Maximum Fire Damage	138	weap,circ		early L50-65 req31 freq1 line1646; mid L66-80 req31 freq1 line1647; late L81-? req31 freq2 line1648	greater_m_fire-min 104-104; greater_fire-max 169-169	Smoking	fire-min 51-80; fire-max 91-130	415	exact base-name match
prefix	Greater Buzzing	Greater +# to Minimum Lightning Damage & +# to Maximum Lightning Damage	139	weap,circ		early L50-65 req31 freq1 line1649; mid L66-80 req31 freq1 line1650; late L81-? req31 freq2 line1651	greater_m_ltng-min 2-2; greater_ltng-max 338-338	Buzzing	ltng-min 1-1; ltng-max 181-260	422	exact base-name match
prefix	Greater Shocking	Greater +# to Minimum Lightning Damage & +# to Maximum Lightning Damage	139	weap		early L50-65 req56 freq1 line1640; mid L66-80 req56 freq1 line1641; late L81-? req56 freq2 line1642	greater_m_ltng-min 2-2; greater_ltng-max 624-624	Shocking	ltng-min 1-1; ltng-max 361-480	425	exact base-name match
prefix	Greater Corosive	Greater +# to Minimum Poison Damage & +# to Maximum Poison Damage	140	weap,circ		early L50-65 req13 freq1 line1652; mid L66-80 req13 freq1 line1653; late L81-? req13 freq2 line1654	greater_m_dmg-pois(param=100) 267-267	Corosive	dmg-pois(param=100) 205-205	429	exact base-name match
prefix	Greater Pestilent	Greater +# to Minimum Poison Damage & +# to Maximum Poison Damage	140	weap		early L50-65 req31 freq1 line1643; mid L66-80 req31 freq1 line1644; late L81-? req31 freq2 line1645	greater_m_dmg-pois(param=150) 611-611	Pestilent	dmg-pois(param=150) 470-470	432	exact base-name match
prefix	Greater Divine	Greater +# to Attack Rating against Undead & +#% Damage to Undead	142	weap	wand,orb	early L50-65 req31 freq1 line1655; mid L66-80 req31 freq1 line1656; late L81-? req31 freq2 line1657	greater_m_att-undead 650-650; greater_dmg-undead 500-500	Divine	att-undead 326-450; dmg-undead 276-350	120	exact base-name match
prefix	Greater Pearl	Greater +# to Attack Rating against Undead & +#% Damage to Undead	142	jewl		early L50-65 req11 freq1 line1658; mid L66-80 req11 freq1 line1659; late L81-? req11 freq2 line1660	greater_m_att-undead 650-650; greater_dmg-undead 500-500	Pearl	att-undead 25-50; dmg-undead 25-50	122	exact base-name match
prefix	Greater Hulking	Greater Adds #-# Damage	143	lcha		early L50-65 req72 freq2 line1661; mid L66-80 req72 freq4 line1662; late L81-? req72 freq6 line1663	greater_m_dmg-norm 85-85	Hulking	dmg-norm 40-60	1141	exact base-name match
prefix	Greater Veracious	Greater #% Bonus to Attack Rating	200	weap,glov		early L50-65 req64 freq1 line1664; mid L66-80 req64 freq1 line1665; late L81-? req64 freq2 line1666	greater_m_att% 50-50	Veracious1	att% 25-35	150	fallback: same group/highest overlap
prefix	Greater Devil's	Greater +5 to [Skill] (Warlock only)	201	amul,circ,belt,ring		early L50-65 req64 freq1 line1688; mid L66-80 req64 freq1 line1689; late L81-? req64 freq2 line1690	greater_m_skill-rand(param=6) 462-462	Devil's	skill-rand(param=5) 373-402	1248	exact base-name match
prefix	Greater Gnostics	Greater +5 to [Skill] (Necromancer only)	201	amul,circ,belt,ring		early L50-65 req64 freq1 line1673; mid L66-80 req64 freq1 line1674; late L81-? req64 freq2 line1675	greater_m_skill-rand(param=6) 109-109	Gnostics	skill-rand(param=5) 251-280	405	exact base-name match
prefix	Greater Gnostics	Greater +5 to [Skill] (Paladin only)	201	amul,circ,belt,ring		early L50-65 req64 freq1 line1670; mid L66-80 req64 freq1 line1671; late L81-? req64 freq2 line1672	greater_m_skill-rand(param=6) 144-144	Gnostics	skill-rand(param=5) 251-280	405	exact base-name match
prefix	Greater Gnostics	Greater +5 to [Skill] (Barbarian only)	201	amul,circ,belt,ring		early L50-65 req64 freq1 line1679; mid L66-80 req64 freq1 line1680; late L81-? req64 freq2 line1681	greater_m_skill-rand(param=6) 178-178	Gnostics	skill-rand(param=5) 251-280	405	exact base-name match
prefix	Greater Gnostics	Greater +5 to [Skill] (Druid only)	201	ring,amul,circ,belt		early L50-65 req64 freq1 line1682; mid L66-80 req64 freq1 line1683; late L81-? req64 freq2 line1684	greater_m_skill-rand(param=6) 288-288	Gnostics	skill-rand(param=5) 251-280	405	exact base-name match
prefix	Greater Gnostics	Greater +5 to [Skill] (Assassin only)	201	ring,amul,circ,belt		early L50-65 req64 freq1 line1685; mid L66-80 req64 freq1 line1686; late L81-? req64 freq2 line1687	greater_m_skill-rand(param=6) 322-322	Gnostics	skill-rand(param=5) 251-280	405	exact base-name match
prefix	Greater Gnostics	Greater +5 to [Skill] (Amazon only)	201	amul,circ,belt,ring		early L50-65 req64 freq1 line1667; mid L66-80 req64 freq1 line1668; late L81-? req64 freq2 line1669	greater_m_skill-rand(param=6) 40-40	Gnostics	skill-rand(param=5) 251-280	405	exact base-name match
prefix	Greater Gnostics	Greater +5 to [Skill] (Sorceress only)	201	amul,circ,belt,ring		early L50-65 req68 freq1 line1676; mid L66-80 req68 freq1 line1677; late L81-? req68 freq2 line1678	greater_m_skill-rand(param=6) 75-75	Gnostics	skill-rand(param=5) 251-280	405	exact base-name match
prefix	Greater Crushing	Greater #% Chance of Crushing Blow	202	glov		early L50-65 req54 freq1 line1691; mid L66-80 req54 freq3 line1692; late L81-? req54 freq4 line1693	greater_m_crush 30-30	Crushing1	crush 16-20	559	fallback: same group/highest overlap
prefix	Greater Fatal	Greater #% Chance of Deadly Strike	202	glov		early L50-65 req54 freq1 line1694; mid L66-80 req54 freq3 line1695; late L81-? req54 freq4 line1696	greater_m_deadly 30-30	Fatal	deadly 16-20	563	exact base-name match
prefix	Greater Elemental	Greater Adds #-# Fire/Lightning/Cold Damage	203	weap		early L50-65 req65 freq1 line1697; mid L66-80 req65 freq1 line1698; late L81-? req65 freq2 line1699	greater_dmg-elem(param=125) 260-260; greater-affix-marker 1-1	Elemental1	dmg-elem(param=125) 64-200	568	fallback: same group/highest overlap
prefix	Greater Master Sage's	Greater +#% to Experience Gained	204	amul		early L50-65 req69 freq1 line1703; mid L66-80 req69 freq1 line1704; late L81-? req69 freq2 line1705	greater_m_addxp 6-6	Master Sage's	addxp 5-5	576	exact base-name match
prefix	Greater Sage's	Greater +#% to Experience Gained	204	weap,armo,shld,amul,ring		early L1-65 req39 freq2 line1700; mid L66-80 req39 freq4 line1701; late L81-? req39 freq6 line1702	greater_m_addxp 6-6	Sage's	addxp 4-4	574	exact base-name match
prefix	Greater Sage's	Greater +#% to Experience Gained	204	ring,amul,circ		early L50-65 req58 freq1 line1706; mid L66-80 req58 freq3 line1707; late L81-? req58 freq4 line1708	greater_m_addxp 6-6	Sage's	addxp 4-4	574	exact base-name match
prefix	Greater Savage	Greater +# Kick Damage	205	boot		early L50-65 req44 freq1 line1709; mid L66-80 req44 freq3 line1710; late L81-? req44 freq4 line1711	greater_m_kick 13-13	Savage	kick 9-10	583	exact base-name match
prefix	Greater Adamantine-Wrought	Greater +#% Enhanced Defense & Durability: # of #	206	armo,shld		early L50-65 req55 freq1 line1715; mid L66-80 req55 freq3 line1716; late L81-? req55 freq4 line1717	greater_m_ac% 100-100; greater_dur 100-100	Adamantine-Wrought	ac% 51-75; dur 60-75	601	exact base-name match
prefix	Greater Adamantine-Wrought	Greater +#% Enhanced Damage & Durability: # of #	206	weap	orb,wand	early L50-65 req55 freq1 line1712; mid L66-80 req55 freq3 line1713; late L81-? req55 freq4 line1714	greater_m_dmg% 130-130; greater_dur 100-100	Adamantine-Wrought	dmg% 81-100; dur 60-75	592	exact base-name match
prefix	Greater Aureole	Greater Salvation	207	tors		early L50-65 req41 freq1 line1718; mid L66-80 req41 freq1 line1719; late L81-? req41 freq2 line1720	greater_m_aura(param=126) 4-4	Aureole	aura(param=125) 1-3	617	exact base-name match
prefix	Greater Frost Wyrm's	Greater +#% to Cold Skill Damage	209	wand,orb,staf,helm		early L50-65 req47 freq1 line1724; mid L66-80 req47 freq1 line1725; late L81-? req47 freq2 line1726	greater_m_extra-cold 16-16	Frost Wyrm's2	extra-cold 10-12	647	fallback: same group/highest overlap
prefix	Greater Frost Wyrm's	Greater +#% to Cold Skill Damage	209	wand,orb,staf		early L50-65 req65 freq1 line1736; mid L66-80 req65 freq1 line1737; late L81-? req65 freq2 line1738	greater_m_extra-cold 16-16	Frost Wyrm's2	extra-cold 10-12	647	fallback: same group/highest overlap
prefix	Greater Frost Wyrm's	Greater -#% to Enemy Cold Resistance	209	wand,orb,staf,helm		early L50-65 req47 freq1 line1748; mid L66-80 req47 freq1 line1749; late L81-? req47 freq2 line1750	greater_m_pierce-cold 16-16	Frost Wyrm's2	pierce-cold 10-12	627	fallback: same group/highest overlap
prefix	Greater Frost Wyrm's	Greater -#% to Enemy Cold Resistance	209	wand,orb,staf		early L50-65 req65 freq1 line1760; mid L66-80 req65 freq1 line1761; late L81-? req65 freq2 line1762	greater_m_pierce-cold 16-16	Frost Wyrm's2	pierce-cold 10-12	627	fallback: same group/highest overlap
prefix	Greater Manticore's	Greater +#% to Poison Skill Damage	209	wand,staf,helm		early L50-65 req47 freq1 line1730; mid L66-80 req47 freq1 line1731; late L81-? req47 freq2 line1732	greater_m_extra-pois 16-16	Manticore's2	extra-pois 10-12	657	fallback: same group/highest overlap
prefix	Greater Manticore's	Greater +#% to Poison Skill Damage	209	wand,staf		early L50-65 req65 freq1 line1742; mid L66-80 req65 freq1 line1743; late L81-? req65 freq2 line1744	greater_m_extra-pois 16-16	Manticore's2	extra-pois 10-12	657	fallback: same group/highest overlap
prefix	Greater Manticore's	Greater -#% to Enemy Poison Resistance	209	wand,staf,helm		early L50-65 req47 freq1 line1754; mid L66-80 req47 freq1 line1755; late L81-? req47 freq2 line1756	greater_m_pierce-pois 16-16	Manticore's2	pierce-pois 10-12	637	fallback: same group/highest overlap
prefix	Greater Manticore's	Greater -#% to Enemy Poison Resistance	209	wand,staf		early L50-65 req65 freq1 line1766; mid L66-80 req65 freq1 line1767; late L81-? req65 freq2 line1768	greater_m_pierce-pois 16-16	Manticore's2	pierce-pois 10-12	637	fallback: same group/highest overlap
prefix	Greater Pyromaniac's	Greater +#% to Fire Skill Damage	209	wand,orb,staf,helm		early L50-65 req47 freq1 line1721; mid L66-80 req47 freq1 line1722; late L81-? req47 freq2 line1723	greater_m_extra-fire 16-16	Pyromaniac's2	extra-fire 10-12	642	fallback: same group/highest overlap
prefix	Greater Pyromaniac's	Greater +#% to Fire Skill Damage	209	wand,orb,staf		early L50-65 req65 freq1 line1733; mid L66-80 req65 freq1 line1734; late L81-? req65 freq2 line1735	greater_m_extra-fire 16-16	Pyromaniac's2	extra-fire 10-12	642	fallback: same group/highest overlap
prefix	Greater Pyromaniac's	Greater -#% to Enemy Fire Resistance	209	wand,orb,staf,helm		early L50-65 req47 freq1 line1745; mid L66-80 req47 freq1 line1746; late L81-? req47 freq2 line1747	greater_m_pierce-fire 16-16	Pyromaniac's2	pierce-fire 10-12	622	fallback: same group/highest overlap
prefix	Greater Pyromaniac's	Greater -#% to Enemy Fire Resistance	209	wand,orb,staf		early L50-65 req65 freq1 line1757; mid L66-80 req65 freq1 line1758; late L81-? req65 freq2 line1759	greater_m_pierce-fire 16-16	Pyromaniac's2	pierce-fire 10-12	622	fallback: same group/highest overlap
prefix	Greater Zeus's	Greater +#% to Lightning Skill Damage	209	wand,orb,staf,helm		early L50-65 req47 freq1 line1727; mid L66-80 req47 freq1 line1728; late L81-? req47 freq2 line1729	greater_m_extra-ltng 16-16	Zeus's2	extra-ltng 10-12	652	fallback: same group/highest overlap
prefix	Greater Zeus's	Greater +#% to Lightning Skill Damage	209	wand,orb,staf		early L50-65 req65 freq1 line1739; mid L66-80 req65 freq1 line1740; late L81-? req65 freq2 line1741	greater_m_extra-ltng 16-16	Zeus's2	extra-ltng 10-12	652	fallback: same group/highest overlap
prefix	Greater Zeus's	Greater -#% to Enemy Lightning Resistance	209	wand,orb,staf,helm		early L50-65 req47 freq1 line1751; mid L66-80 req47 freq1 line1752; late L81-? req47 freq2 line1753	greater_m_pierce-ltng 16-16	Zeus's2	pierce-ltng 10-12	632	fallback: same group/highest overlap
prefix	Greater Zeus's	Greater -#% to Enemy Lightning Resistance	209	wand,orb,staf		early L50-65 req65 freq1 line1763; mid L66-80 req65 freq1 line1764; late L81-? req65 freq2 line1765	greater_m_pierce-ltng 16-16	Zeus's2	pierce-ltng 10-12	632	fallback: same group/highest overlap
prefix	Greater Lizard's	Greater +# to Mana	220	misl		early L50-65 req43 freq1 line1772; mid L66-80 req43 freq2 line1773; late L81-? req43 freq3 line1774	greater_m_mana 52-52	Lizard's	mana 30-40	1256	exact base-name match
prefix	Greater Sturdy	Greater +# to Life	220	misl		early L50-65 req43 freq1 line1769; mid L66-80 req43 freq2 line1770; late L81-? req43 freq3 line1771	greater_m_hp 52-52	Sturdy	hp 30-40	1252	exact base-name match
prefix	Greater Sharp	Greater +# to Attack Rating	221	misl		early L50-65 req43 freq1 line1775; mid L66-80 req43 freq2 line1776; late L81-? req43 freq3 line1777	greater_m_att 130-130	Sharp	att 50-100	1260	exact base-name match
prefix	Greater Jagged	Greater +#% Enhanced Damage	222	misl		early L50-65 req51 freq1 line1778; mid L66-80 req51 freq2 line1779; late L81-? req51 freq3 line1780	greater_m_dmg% 65-65	Jagged	dmg% 30-50	1264	exact base-name match
prefix	Greater Jagged	Greater +# to Minimum Damage & +# to Maximum Damage	222	misl		early L50-65 req51 freq1 line1781; mid L66-80 req51 freq2 line1782; late L81-? req51 freq3 line1783	greater_m_dmg-min 26-26; greater_dmg-max 39-39	Jagged	dmg-min 10-20; dmg-max 20-30	1268	exact base-name match
prefix	Greater Flaming	Greater +# to Minimum Fire Damage & +# to Maximum Fire Damage	223	misl		early L50-65 req51 freq1 line1784; mid L66-80 req51 freq2 line1785; late L81-? req51 freq3 line1786	greater_m_fire-min 26-26; greater_fire-max 39-39	Flaming	fire-min 10-20; fire-max 20-30	1272	exact base-name match
prefix	Greater Shivering	Greater +# to Minimum Cold Damage & +# to Maximum Cold Damage	224	misl		early L50-65 req51 freq1 line1787; mid L66-80 req51 freq2 line1788; late L81-? req51 freq3 line1789	greater_m_cold-min 26-26; greater_cold-max 39-39	Shivering	cold-min 10-20; cold-max 20-30	1276	exact base-name match
prefix	Greater Static	Greater +# to Minimum Lightning Damage & +# to Maximum Lightning Damage	225	misl		early L50-65 req51 freq1 line1790; mid L66-80 req51 freq2 line1791; late L81-? req51 freq3 line1792	greater_m_ltng-min 13-13; greater_ltng-max 65-65	Static	ltng-min 5-10; ltng-max 30-50	1280	exact base-name match
prefix	Greater Corosive	Greater +# to Minimum Poison Damage & +# to Maximum Poison Damage	226	misl		early L50-65 req51 freq1 line1793; mid L66-80 req51 freq2 line1794; late L81-? req51 freq3 line1795	greater_m_dmg-pois(param=100) 780-780	Corosive	dmg-pois(param=100) 300-600	1284	exact base-name match
prefix	Greater Apprentice	Greater +# to Minimum Magic Damage & +# to Maximum Magic Damage	227	misl		early L50-65 req51 freq1 line1796; mid L66-80 req51 freq2 line1797; late L81-? req51 freq3 line1798	greater_m_dmg-mag 26-26	Apprentice	dmg-mag 10-20	1288	exact base-name match
suffix	of Greater Anima	Greater Damage Reduced by #	1	tors,shld,circ		early L50-65 req37 freq16 line961; mid L66-80 req37 freq32 line962; late L81-? req37 freq48 line963	greater_m_red-dmg 24-24	of Anima	red-dmg 8-15	170	exact base-name match
suffix	of Greater Life	Greater Damage Reduced by #	1	amul,circ,ring		early L50-65 req22 freq16 line964; mid L66-80 req22 freq32 line965; late L81-? req22 freq48 line966	greater_m_red-dmg 24-24	of Life	red-dmg 6-10	163	exact base-name match
suffix	of Greater Life Everlasting	Greater Damage Reduced by #	1	amul,circ		early L50-65 req31 freq16 line958; mid L66-80 req31 freq32 line959; late L81-? req31 freq48 line960	greater_m_red-dmg 24-24	of Life Everlasting	red-dmg 10-25	165	exact base-name match
suffix	of Greater Guarding	Greater Magic Resist +#%	2	amul,orb,circ,tors,shld		early L50-65 req45 freq16 line967; mid L66-80 req45 freq32 line968; late L81-? req45 freq48 line969	greater_m_res-mag 30-30	of Guarding	res-mag 10-13	183	exact base-name match
suffix	of Greater Negation	Greater Magic Damage Reduced by #	2	amul,orb,circ,ring		early L50-65 req30 freq16 line973; mid L66-80 req30 freq32 line974; late L81-? req30 freq48 line975	greater_m_red-mag 10-10	of Negation	red-mag 7-8	175	exact base-name match
suffix	of Greater Negation	Greater Magic Resist +#%	2	shld,orb,circ,tors		early L50-65 req61 freq16 line970; mid L66-80 req61 freq32 line971; late L81-? req61 freq48 line972	greater_m_res-mag 30-30	of Negation	res-mag 14-20	185	exact base-name match
suffix	of the Greater Sentinel	Greater Magic Resist +#%	2	ring,amul,orb,circ,tors,shld		early L1-65 req26 freq16 line976; mid L66-80 req26 freq32 line977; late L81-? req26 freq48 line978	greater_m_res-mag 30-30	of the Sentinel	res-mag 6-9	181	exact base-name match
suffix	of Greater Chilling Coalescence1	Greater +# Cold Absorb	3	weap,amul,ring,shld		early L50-65 req68 freq4 line985; mid L66-80 req68 freq8 line986; late L81-? req68 freq12 line987	greater_m_abs-cold% 35-35	of Chilling Coalescence1	abs-cold% 16-25	227	exact base-name match
suffix	of Greater Fire Coalescence1	Greater +# Fire Absorb	3	weap,amul,ring,shld		early L50-65 req68 freq4 line979; mid L66-80 req68 freq8 line980; late L81-? req68 freq12 line981	greater_m_abs-fire% 35-35	of Fire Coalescence1	abs-fire% 16-25	199	exact base-name match
suffix	of Greater Lightning Coalescence1	Greater +# Lightning Absorb	3	weap,amul,ring,shld		early L50-65 req68 freq4 line982; mid L66-80 req68 freq8 line983; late L81-? req68 freq12 line984	greater_m_abs-ltng% 35-35	of Lightning Coalescence1	abs-ltng% 16-25	213	exact base-name match
suffix	of Greater Malice	Greater Attacker Takes Damage of #	6	jewl		early L50-65 req41 freq16 line994; mid L66-80 req41 freq32 line995; late L81-? req41 freq48 line996	greater_m_thorns 20-20	of Malice	thorns 8-15	440	exact base-name match
suffix	of Greater Swords	Greater Attacker Takes Damage of #	6	tors,shld,circ,belt		early L50-65 req47 freq8 line991; mid L66-80 req47 freq16 line992; late L81-? req47 freq24 line993	greater_m_thorns 65-65	of Swords	thorns 41-50	438	exact base-name match
suffix	of Greater Thorns	Greater Attacker Takes Damage of # (Based on Character Level)	6	tors,shld		early L50-65 req53 freq16 line988; mid L66-80 req53 freq32 line989; late L81-? req53 freq48 line990	greater_m_thorns/lvl(param=16)	of Thorns	thorns/lvl(param=12)	433	exact base-name match
suffix	of Greater Alacrity	Greater +#% Increased Attack Speed	7	weap	wand,orb	early L50-65 req14 freq24 line997; mid L66-80 req14 freq48 line998; late L81-? req14 freq72 line999	greater_m_swing2 26-26	of Alacrity	swing2 20-20	417	exact base-name match
suffix	of Greater Alacrity	Greater +#% Increased Attack Speed	7	glov		early L50-65 req30 freq16 line1006; mid L66-80 req30 freq32 line1007; late L81-? req30 freq48 line1008	greater_m_swing2 26-26	of Alacrity	swing2 20-20	422	exact base-name match
suffix	of Greater Fervor	Greater +#% Increased Attack Speed	7	jewl		early L50-65 req26 freq16 line1003; mid L66-80 req26 freq32 line1004; late L81-? req26 freq48 line1005	greater_m_swing1 20-20	of Fervor	swing1 15-15	426	exact base-name match
suffix	of Greater Quickness	Greater +#% Increased Attack Speed	7	mele	wand,staf,orb	early L50-65 req32 freq20 line1000; mid L66-80 req32 freq40 line1001; late L81-? req32 freq60 line1002	greater_m_swing3 50-50	of Quickness	swing3 40-40	420	exact base-name match
suffix	of Greater Deflecting	Greater #% Increased Chance of Blocking	8	shld		early L50-65 req7 freq25 line1009; mid L66-80 req7 freq51 line1010; late L81-? req7 freq76 line1011	greater_m_block 40-40; greater_block2 40-40	of Deflecting	block 20-30; block2 30-30	477	exact base-name match
suffix	of the Greater Apprentice	Greater +#% Faster Cast Rate	9	rod,ring,amul,orb,circ		early L50-65 req3 freq24 line1012; mid L66-80 req3 freq48 line1013; late L81-? req3 freq72 line1014	greater_m_cast1 13-13	of the Apprentice	cast1 10-10	479	exact base-name match
suffix	of the Greater Magus	Greater +#% Faster Cast Rate	9	rod,orb,circ	scep	early L50-65 req18 freq20 line1015; mid L66-80 req18 freq40 line1016; late L81-? req18 freq60 line1017	greater_m_cast3 25-25	of the Magus	cast3 20-20	481	exact base-name match
suffix	of Greater Anthrax	Greater +# to Minimum Poison Damage & +# to Maximum Poison Damage	10	lcha		early L50-65 req69 freq2 line1063; mid L66-80 req69 freq4 line1064; late L81-? req69 freq6 line1065	greater_m_dmg-pois(param=125) 182-182	of Anthrax	dmg-pois(param=125) 120-140	831	exact base-name match
suffix	of Greater Incineration	Greater +# to Minimum Fire Damage & +# to Maximum Fire Damage	10	lcha		early L50-65 req69 freq2 line1057; mid L66-80 req69 freq4 line1058; late L81-? req69 freq6 line1059	greater_m_fire-min 20-20; greater_fire-max 33-33	of Incineration	fire-min 10-15; fire-max 20-25	821	exact base-name match
suffix	of Greater Storms	Greater +# to Minimum Lightning Damage & +# to Maximum Lightning Damage	10	lcha		early L50-65 req69 freq2 line1060; mid L66-80 req69 freq4 line1061; late L81-? req69 freq6 line1062	greater_m_ltng-min 20-20; greater_ltng-max 33-33	of Storms	ltng-min 10-15; ltng-max 20-25	826	exact base-name match
suffix	of Greater Winter	Greater +# to Minimum Cold Damage & +# to Maximum Cold Damage & Cold Length # of Frames (25 Frames = 1 Second)	10	lcha		early L50-65 req69 freq2 line1054; mid L66-80 req69 freq4 line1055; late L81-? req69 freq6 line1056	greater_m_cold-min 18-18; greater_cold-max 33-33	of Winter	cold-min 12-14; cold-max 20-25	816	exact base-name match
suffix	of Greater Winter	Greater +# to Minimum Cold Damage & +# to Maximum Cold Damage & Cold Length # of Frames (25 Frames = 1 Second)	10	weap	wand,orb	early L50-65 req64 freq4 line1018; mid L66-80 req64 freq8 line1019; late L81-? req64 freq12 line1020	greater_m_cold-min 59-59; greater_cold-max 195-195; greater_cold-len 195-195	of Winter	cold-min 35-45; cold-max 100-150; cold-len 150-150	64	exact base-name match
suffix	of the Greater Glacier	Greater +# to Minimum Cold Damage & +# to Maximum Cold Damage & Cold Length # of Frames (25 Frames = 1 Second)	10	jewl		early L50-65 req43 freq8 line1042; mid L66-80 req43 freq16 line1043; late L81-? req43 freq24 line1044	greater_m_cold-min 7-7; greater_cold-max 20-20; greater_cold-len 130-130	of the Glacier	cold-min 4-5; cold-max 11-15; cold-len 100-100	73	exact base-name match
suffix	of the Greater Glacier	Greater +# to Minimum Cold Damage & +# to Maximum Cold Damage & Cold Length # of Frames (25 Frames = 1 Second)	10	belt,amul		early L50-65 req69 freq8 line1030; mid L66-80 req69 freq16 line1031; late L81-? req69 freq24 line1032	greater_m_cold-min 7-7; greater_cold-max 33-33; greater_cold-len 195-195	of the Glacier	cold-min 4-5; cold-max 16-25; cold-len 150-150	69	exact base-name match
suffix	of Greater Burning	Greater +# to Minimum Fire Damage & +# to Maximum Fire Damage	12	glov,ring,amul		early L50-65 req63 freq8 line1033; mid L66-80 req63 freq16 line1034; late L81-? req63 freq24 line1035	greater_m_fire-min 33-33; greater_fire-max 65-65	of Burning	fire-min 11-25; fire-max 31-50	85	exact base-name match
suffix	of Greater Burning	Greater +# to Minimum Fire Damage & +# to Maximum Fire Damage	12	jewl		early L50-65 req42 freq8 line1045; mid L66-80 req42 freq16 line1046; late L81-? req42 freq24 line1047	greater_m_fire-min 33-33; greater_fire-max 65-65	of Burning	fire-min 11-25; fire-max 31-50	89	exact base-name match
suffix	of Greater Incineration	Greater +# to Minimum Fire Damage & +# to Maximum Fire Damage	12	weap	wand,orb	early L50-65 req64 freq4 line1021; mid L66-80 req64 freq8 line1022; late L81-? req64 freq12 line1023	greater_m_fire-min 130-130; greater_fire-max 325-325	of Incineration	fire-min 75-100; fire-max 200-250	80	exact base-name match
suffix	of Greater Storms	Greater +# to Minimum Lightning Damage & +# to Maximum Lightning Damage	13	boot,ring,amul		early L50-65 req68 freq8 line1036; mid L66-80 req68 freq16 line1037; late L81-? req68 freq24 line1038	greater_m_ltng-min 2-2; greater_ltng-max 130-130	of Storms	ltng-min 1-1; ltng-max 76-100	101	exact base-name match
suffix	of Greater Storms	Greater +# to Minimum Lightning Damage & +# to Maximum Lightning Damage	13	weap	wand,orb	early L50-65 req58 freq4 line1024; mid L66-80 req58 freq8 line1025; late L81-? req58 freq12 line1026	greater_m_ltng-min 26-26; greater_ltng-max 455-455	of Storms	ltng-min 1-20; ltng-max 300-350	96	exact base-name match
suffix	of Greater Thunder	Greater +# to Minimum Lightning Damage & +# to Maximum Lightning Damage	13	jewl		early L50-65 req42 freq8 line1048; mid L66-80 req42 freq16 line1049; late L81-? req42 freq24 line1050	greater_m_ltng-min 2-2; greater_ltng-max 130-130	of Thunder	ltng-min 1-1; ltng-max 61-100	105	exact base-name match
suffix	of Greater Carnage	Greater +# to Maximum Damage	14	jewl		early L50-65 req47 freq16 line1078; mid L66-80 req47 freq32 line1079; late L81-? req47 freq48 line1080	greater_m_dmg-max 165-165	of Carnage	dmg-max 16-20	41	exact base-name match
suffix	of Greater Evisceration	Greater +# to Maximum Damage	14	weap	wand,staf,orb	early L50-65 req67 freq29 line1066; mid L66-80 req67 freq59 line1067; late L81-? req67 freq88 line1068	greater_m_dmg-max 165-165	of Evisceration	dmg-max 101-120	24	exact base-name match
suffix	of Greater Evisceration	Greater +# to Maximum Damage	14	weap	wand,orb	early L50-65 req31 freq48 line1081; mid L66-80 req31 freq96 line1082; late L81-? req31 freq144 line1083	greater_m_dmg-max 165-165	of Evisceration	dmg-max 101-120	24	exact base-name match
suffix	of Greater Maiming	Greater +# to Maximum Damage	14	shld		early L50-65 req58 freq12 line1072; mid L66-80 req58 freq24 line1073; late L81-? req58 freq36 line1074	greater_m_dmg-max 165-165	of Maiming	dmg-max 9-12	28	exact base-name match
suffix	of Greater Maiming	Greater +# to Maximum Damage	14	circ		early L50-65 req63 freq16 line1075; mid L66-80 req63 freq32 line1076; late L81-? req63 freq48 line1077	greater_m_dmg-max 165-165	of Maiming	dmg-max 13-15	36	exact base-name match
suffix	of Greater Quality	Greater +# to Maximum Damage	14	amul,ring		early L50-65 req52 freq32 line1069; mid L66-80 req52 freq64 line1070; late L81-? req52 freq96 line1071	greater_m_dmg-max 165-165	of Quality	dmg-max 8-10	10	exact base-name match
suffix	of Greater Bliss	Greater +# to Minimum Damage	15	jewl		early L50-65 req31 freq11 line1090; mid L66-80 req31 freq21 line1091; late L81-? req31 freq32 line1092	greater_m_dmg-min 85-85	of Bliss	dmg-min 5-10	57	exact base-name match
suffix	of Greater Performance	Greater +# to Minimum Damage	15	ring,amul,circ		early L50-65 req62 freq11 line1087; mid L66-80 req62 freq21 line1088; late L81-? req62 freq32 line1089	greater_m_dmg-min 85-85	of Performance	dmg-min 10-13	54	exact base-name match
suffix	of Greater Transcendence	Greater +# to Minimum Damage	15	weap	orb,wand	early L50-65 req71 freq8 line1084; mid L66-80 req71 freq16 line1085; late L81-? req71 freq24 line1086	greater_m_dmg-min 85-85	of Transcendence	dmg-min 50-60	49	exact base-name match
suffix	of Greater Anthrax	Greater +# to Minimum Poison Damage & +# to Maximum Poison Damage	16	weap,circ	rod,orb	early L50-65 req21 freq8 line1027; mid L66-80 req21 freq16 line1028; late L81-? req21 freq24 line1029	greater_m_dmg-pois(param=150) 222-222	of Anthrax	dmg-pois(param=150) 171-171	110	exact base-name match
suffix	of Greater Anthrax	Greater +# to Minimum Poison Damage & +# to Maximum Poison Damage	16	jewl		early L50-65 req56 freq8 line1051; mid L66-80 req56 freq16 line1052; late L81-? req56 freq24 line1053	greater_m_dmg-pois(param=50) 402-402	of Anthrax	dmg-pois(param=50) 309-309	118	exact base-name match
suffix	of Greater Blight	Greater +# to Minimum Poison Damage & +# to Maximum Poison Damage	16	ring,amul		early L50-65 req61 freq4 line1039; mid L66-80 req61 freq8 line1040; late L81-? req61 freq12 line1041	greater_m_dmg-pois(param=75) 490-490	of Blight	dmg-pois(param=75) 377-377	114	exact base-name match
suffix	of Greater Daring	Greater +# to Dexterity	17	jewl		early L50-65 req24 freq16 line1099; mid L66-80 req24 freq32 line1100; late L81-? req24 freq48 line1101	greater_m_dex 40-40	of Daring	dex 7-9	271	exact base-name match
suffix	of Greater Nirvana	Greater +# to Dexterity	17	amul,miss,circ		early L50-65 req54 freq12 line1093; mid L66-80 req54 freq24 line1094; late L81-? req54 freq36 line1095	greater_m_dex 40-40	of Nirvana	dex 21-30	257	exact base-name match
suffix	of Greater Perfection	Greater +# to Dexterity	17	tors,boot	glov	early L50-65 req64 freq12 line1096; mid L66-80 req64 freq24 line1097; late L81-? req64 freq36 line1098	greater_m_dex 40-40	of Perfection	dex 20-30	275	exact base-name match
suffix	of Greater Perfection	Greater +# to Dexterity	17	ring,glov		early L50-65 req57 freq12 line1102; mid L66-80 req57 freq24 line1103; late L81-? req57 freq36 line1104	greater_m_dex 40-40	of Perfection	dex 16-20	263	exact base-name match
suffix	of Greater Balance	Greater +#% Faster Hit Recovery	18	armo	glov	early L50-65 req3 freq16 line1105; mid L66-80 req3 freq32 line1106; late L81-? req3 freq48 line1107	greater_m_balance1 13-13	of Balance	balance1 10-10	408	exact base-name match
suffix	of Greater Balance	Greater +#% Faster Hit Recovery	18	lcha		early L50-65 req69 freq2 line1117; mid L66-80 req69 freq4 line1118; late L81-? req69 freq6 line1119	greater_m_balance3 15-15	of Balance	balance3 10-10	861	exact base-name match
suffix	of Greater Equilibrium	Greater +#% Faster Hit Recovery	18	tors,belt,shld		early L50-65 req5 freq16 line1108; mid L66-80 req5 freq32 line1109; late L81-? req5 freq48 line1110	greater_m_balance2 26-26	of Equilibrium	balance2 20-20	410	exact base-name match
suffix	of Greater Stability	Greater +#% Faster Hit Recovery	18	tors,belt		early L50-65 req11 freq16 line1111; mid L66-80 req11 freq32 line1112; late L81-? req11 freq48 line1113	greater_m_balance3 15-15	of Stability	balance3 25-25	412	exact base-name match
suffix	of Greater Truth	Greater +#% Faster Hit Recovery	18	jewl		early L50-65 req31 freq16 line1114; mid L66-80 req31 freq32 line1115; late L81-? req31 freq48 line1116	greater_m_balance1 9-9	of Truth	balance1 7-7	414	exact base-name match
suffix	of Greater Honor	Greater Replenish Life +#	19	jewl		early L50-65 req30 freq16 line1132; mid L66-80 req30 freq32 line1133; late L81-? req30 freq48 line1134	greater_m_regen 8-8	of Honor	regen 1-4	393	exact base-name match
suffix	of Greater Regeneration	Greater Replenish Life +#	19	tors,weap,boot	scep	early L50-65 req44 freq16 line1120; mid L66-80 req44 freq32 line1121; late L81-? req44 freq48 line1122	greater_m_regen 8-8	of Regeneration	regen 3-5	386	exact base-name match
suffix	of Greater Regeneration	Greater Replenish Life +#	19	shld,glov		early L50-65 req26 freq16 line1126; mid L66-80 req26 freq32 line1127; late L81-? req26 freq48 line1128	greater_m_regen 8-8	of Regeneration	regen 3-5	384	exact base-name match
suffix	of Greater Regrowth	Greater Replenish Life +#	19	belt,ring		early L50-65 req35 freq16 line1129; mid L66-80 req35 freq32 line1130; late L81-? req35 freq48 line1131	greater_m_regen 8-8	of Regrowth	regen 6-9	389	exact base-name match
suffix	of Greater Revivification	Greater Replenish Life +#	19	scep,amul,circ		early L50-65 req26 freq16 line1123; mid L66-80 req26 freq32 line1124; late L81-? req26 freq48 line1125	greater_m_regen 8-8	of Revivification	regen 11-15	391	exact base-name match
suffix	of Greater Avarice	Greater #% Extra Gold from Monsters	21	jewl		early L50-65 req1 freq16 line1138; mid L66-80 req1 freq32 line1139; late L81-? req1 freq48 line1140	greater_m_gold% 120-120	of Avarice	gold% 10-30	462	exact base-name match
suffix	of Greater Greed	Greater #% Extra Gold from Monsters	21	ring,amul,circ		early L50-65 req1 freq16 line1141; mid L66-80 req1 freq32 line1142; late L81-? req1 freq48 line1143	greater_m_gold% 120-120	of Greed	gold% 25-40	458	exact base-name match
suffix	of Greater Wealth	Greater #% Extra Gold from Monsters	21	boot,glov,belt,amul,circ		early L50-65 req10 freq16 line1135; mid L66-80 req10 freq32 line1136; late L81-? req10 freq48 line1137	greater_m_gold% 120-120	of Wealth	gold% 41-80	460	exact base-name match
suffix	of Greater Fortune	Greater #% Better Chance of Getting Magic Items	22	boot,glov,amul,circ,ring		early L50-65 req16 freq16 line1153; mid L66-80 req16 freq32 line1154; late L81-? req16 freq48 line1155	greater_m_mag% 30-30	of Fortune	mag% 21-25	448	exact base-name match
suffix	of Greater Luck	Greater #% Better Chance of Getting Magic Items	22	amul,circ		early L50-65 req41 freq16 line1144; mid L66-80 req41 freq32 line1145; late L81-? req41 freq48 line1146	greater_m_mag% 30-30	of Luck	mag% 36-50	452	exact base-name match
suffix	of Greater Luck	Greater #% Better Chance of Getting Magic Items	22	boot,amul,circ		early L50-65 req26 freq16 line1147; mid L66-80 req26 freq32 line1148; late L81-? req26 freq48 line1149	greater_m_mag% 30-30	of Luck	mag% 36-50	452	exact base-name match
suffix	of Greater Prosperity	Greater #% Better Chance of Getting Magic Items	22	jewl		early L50-65 req64 freq4 line1150; mid L66-80 req64 freq8 line1151; late L81-? req64 freq12 line1152	greater_m_mag% 30-30	of Prosperity	mag% 16-20	456	exact base-name match
suffix	of Greater Enlightenment	Greater +# to Energy	23	amul,orb,circ,wand,staf		early L50-65 req28 freq12 line1156; mid L66-80 req28 freq24 line1157; late L81-? req28 freq36 line1158	greater_m_enr 40-40	of Enlightenment	enr 21-30	307	exact base-name match
suffix	of Greater Knowledge	Greater +# to Energy	23	jewl		early L50-65 req28 freq12 line1159; mid L66-80 req28 freq24 line1160; late L81-? req28 freq36 line1161	greater_m_enr 40-40	of Knowledge	enr 7-9	322	exact base-name match
suffix	of Greater Sorcery	Greater +# to Energy	23	helm,scep		early L50-65 req18 freq12 line1162; mid L66-80 req18 freq24 line1163; late L81-? req18 freq36 line1164	greater_m_enr 40-40	of Sorcery	enr 11-15	318	exact base-name match
suffix	of Greater Wizardry	Greater +# to Energy	23	ring		early L50-65 req28 freq12 line1165; mid L66-80 req28 freq24 line1166; late L81-? req28 freq36 line1167	greater_m_enr 40-40	of Wizardry	enr 16-20	313	exact base-name match
suffix	of Greater Hope	Greater +# to Life	26	jewl		early L50-65 req31 freq16 line1177; mid L66-80 req31 freq32 line1178; late L81-? req31 freq48 line1179	greater_m_hp 95-95	of Hope	hp 9-20	374	exact base-name match
suffix	of Greater Vita	Greater +# to Life	26	lcha		early L50-65 req75 freq2 line1180; mid L66-80 req75 freq4 line1181; late L81-? req75 freq6 line1182	greater_m_hp 95-95	of Vita	hp 60-70	845	exact base-name match
suffix	of the Greater Colosuss	Greater +# to Life	26	shld,pelt		early L50-65 req57 freq12 line1171; mid L66-80 req57 freq24 line1172; late L81-? req57 freq36 line1173	greater_m_hp 95-95	of the Colosuss	hp 41-60	365	exact base-name match
suffix	of the Greater Mammoth	Greater +# to Life	26	club,hamm,mace,ring,helm		early L50-65 req51 freq12 line1174; mid L66-80 req51 freq24 line1175; late L81-? req51 freq36 line1176	greater_m_hp 95-95	of the Mammoth	hp 31-40	371	exact base-name match
suffix	of the Greater Whale	Greater +# to Life	26	tors,belt,amul,phlm,circ		early L1-65 req31 freq12 line1168; mid L66-80 req31 freq24 line1169; late L81-? req31 freq36 line1170	greater_m_hp 95-95	of the Whale	hp 81-100	358	exact base-name match
suffix	of the Greater Lamprey	Greater #% Life stolen per hit	27	mele	orb	early L50-65 req37 freq28 line1189; mid L66-80 req37 freq56 line1190; late L81-? req37 freq84 line1191	greater_m_lifesteal 12-12	of the Lamprey	lifesteal 8-9	129	exact base-name match
suffix	of the Greater Lamprey	Greater #% Life stolen per hit	27	amul		early L50-65 req62 freq8 line1195; mid L66-80 req62 freq16 line1196; late L81-? req62 freq24 line1197	greater_m_lifesteal 12-12	of the Lamprey	lifesteal 6-6	139	exact base-name match
suffix	of the Greater Lamprey	Greater #% Life stolen per hit	27	ring,circ		early L50-65 req55 freq16 line1201; mid L66-80 req55 freq32 line1202; late L81-? req55 freq48 line1203	greater_m_lifesteal 12-12	of the Lamprey	lifesteal 7-8	133	exact base-name match
suffix	of the Greater Leech	Greater #% Life stolen per hit	27	glov		early L50-65 req22 freq16 line1204; mid L66-80 req22 freq32 line1205; late L81-? req22 freq48 line1206	greater_m_lifesteal 12-12	of the Leech	lifesteal 3-3	135	exact base-name match
suffix	of the Greater Locust	Greater #% Life stolen per hit	27	weap	orb	early L50-65 req13 freq28 line1183; mid L66-80 req13 freq56 line1184; late L81-? req13 freq84 line1185	greater_m_lifesteal 12-12	of the Locust	lifesteal 6-7	127	exact base-name match
suffix	of the Greater Bat	Greater #% Mana stolen per hit	28	glov		early L50-65 req23 freq16 line1207; mid L66-80 req23 freq32 line1208; late L81-? req23 freq48 line1209	greater_m_manasteal 12-12	of the Bat	manasteal 3-3	150	exact base-name match
suffix	of the Greater Vampire	Greater #% Mana stolen per hit	28	mele		early L50-65 req41 freq28 line1192; mid L66-80 req41 freq56 line1193; late L81-? req41 freq84 line1194	greater_m_manasteal 12-12	of the Vampire	manasteal 8-9	144	exact base-name match
suffix	of the Greater Vampire	Greater #% Mana stolen per hit	28	amul,circ		early L50-65 req56 freq16 line1198; mid L66-80 req56 freq32 line1199; late L81-? req56 freq48 line1200	greater_m_manasteal 12-12	of the Vampire	manasteal 7-8	148	exact base-name match
suffix	of the Greater Vampire	Greater #% Mana stolen per hit	28	ring		early L50-65 req63 freq8 line1210; mid L66-80 req63 freq16 line1211; late L81-? req63 freq24 line1212	greater_m_manasteal 12-12	of the Vampire	manasteal 6-8	154	exact base-name match
suffix	of the Greater Wraith	Greater #% Mana stolen per hit	28	weap		early L50-65 req14 freq28 line1186; mid L66-80 req14 freq56 line1187; late L81-? req14 freq84 line1188	greater_m_manasteal 12-12	of the Wraith	manasteal 6-7	142	exact base-name match
suffix	of Greater Atlus	Greater +# to Strength	31	amul,belt,club,hamm,circ		early L50-65 req54 freq12 line1216; mid L66-80 req54 freq24 line1217; late L81-? req54 freq36 line1218	greater_m_str 30-30	of Atlus	str 21-30	282	exact base-name match
suffix	of Greater Energy	Greater +# to Energy	31	lcha		early L50-65 req52 freq1 line1228; mid L66-80 req52 freq3 line1229; late L81-? req52 freq4 line1230	greater_m_enr 30-30	of Energy	enr 5-8	857	exact base-name match
suffix	of Greater Virility	Greater +# to Strength	31	jewl		early L50-65 req36 freq16 line1222; mid L66-80 req36 freq32 line1223; late L81-? req36 freq48 line1224	greater_m_str 30-30	of Virility	str 7-9	298	exact base-name match
suffix	of the Greater Giant	Greater +# to Strength	31	mele,glov	blun	early L50-65 req43 freq12 line1213; mid L66-80 req43 freq24 line1214; late L81-? req43 freq36 line1215	greater_m_str 30-30	of the Giant	str 10-15	294	exact base-name match
suffix	of the Greater Ox	Greater +# to Strength	31	mele,glov,shld	blun	early L50-65 req31 freq12 line1219; mid L66-80 req31 freq24 line1220; late L81-? req31 freq36 line1221	greater_m_str 30-30	of the Ox	str 6-9	292	exact base-name match
suffix	of the Greater Titan	Greater +# to Strength	31	ring,scep,mace,tors		early L50-65 req56 freq12 line1225; mid L66-80 req56 freq24 line1226; late L81-? req56 freq36 line1227	greater_m_str 30-30	of the Titan	str 16-20	288	exact base-name match
suffix	of Greater Inertia	Greater +#% Faster Run/Walk	35	lcha		early L50-65 req69 freq2 line1237; mid L66-80 req69 freq4 line1238; late L81-? req69 freq6 line1239	greater_m_move3 15-15	of Inertia	move3 10-10	859	exact base-name match
suffix	of Greater Speed	Greater +#% Faster Run/Walk	35	boot,circ		early L50-65 req25 freq16 line1234; mid L66-80 req25 freq32 line1235; late L81-? req25 freq48 line1236	greater_m_move3 15-15	of Speed	move3 30-30	403	exact base-name match
suffix	of Greater Traveling	Greater +#% Faster Run/Walk	35	boot		early L50-65 req48 freq16 line1231; mid L66-80 req48 freq32 line1232; late L81-? req48 freq48 line1233	greater_m_move3 15-15; greater_stamdrain 117-117	of Traveling	move3 30-30; stamdrain 80-90	405	exact base-name match
suffix	of the Greater Elephant	Greater +# to Life (Based on Character Level) & +# to Mana (Based on Character Level)	41	ring,amul		early L50-65 req49 freq8 line1240; mid L66-80 req49 freq16 line1241; late L81-? req49 freq24 line1242	greater_m_hp/lvl(param=6); greater_mana/lvl(param=3)	of the Elephant	hp/lvl(param=4); mana/lvl(param=2)	376	exact base-name match
suffix	of the Greater Elephant	Greater +# to Life (Based on Character Level) & +# to Mana (Based on Character Level)	41	circ,pelt		early L50-65 req6 freq8 line1243; mid L66-80 req6 freq16 line1244; late L81-? req6 freq24 line1245	greater_m_hp/lvl(param=6); greater_mana/lvl(param=3)	of the Elephant	hp/lvl(param=4); mana/lvl(param=2)	378	exact base-name match
suffix	of the Greater Kraken	Greater +# to Life (Based on Character Level)	41	tors,amul,pelt,phlm		early L50-65 req1 freq4 line1246; mid L66-80 req1 freq8 line1247; late L81-? req1 freq12 line1248	greater_m_hp/lvl(param=6)	of the Kraken	hp/lvl(param=6)	380	exact base-name match
suffix	of Greater Agility2	Greater +%# to Dexterity	42	weap,boot		early L50-65 req64 freq4 line1249; mid L66-80 req64 freq8 line1250; late L81-? req64 freq12 line1251	greater_m_dex% 39-39	of Agility2	dex% 21-30	332	exact base-name match
suffix	of Greater Endurance2	Greater +%# to Vitality	42	weap,glov		early L50-65 req64 freq4 line1255; mid L66-80 req64 freq8 line1256; late L81-? req64 freq12 line1257	greater_m_vit% 39-39	of Endurance2	vit% 21-30	340	exact base-name match
suffix	of Greater Grace	Greater +# to Dexterity (Based on Character Level)	42	helm,amul		early L50-65 req1 freq4 line1267; mid L66-80 req1 freq8 line1268; late L81-? req1 freq12 line1269	greater_m_dex/lvl(param=4)	of Grace	dex/lvl(param=3)	325	exact base-name match
suffix	of Greater Power	Greater +# to Strength (Based on Character Level)	42	belt,amul		early L50-65 req1 freq4 line1264; mid L66-80 req1 freq8 line1265; late L81-? req1 freq12 line1266	greater_m_str/lvl(param=4)	of Power	str/lvl(param=3)	327	exact base-name match
suffix	of Greater Power2	Greater +%# to Strength	42	weap,glov		early L50-65 req64 freq4 line1252; mid L66-80 req64 freq8 line1253; late L81-? req64 freq12 line1254	greater_m_str% 39-39	of Power2	str% 21-30	336	exact base-name match
suffix	of Greater Spirit2	Greater +%# to Energy	42	weap,glov		early L50-65 req64 freq4 line1258; mid L66-80 req64 freq8 line1259; late L81-? req64 freq12 line1260	greater_m_enr% 39-39	of Spirit2	enr% 21-30	344	exact base-name match
suffix	of the Greater Zodiac	Greater +# to all Attributes	42	amul,ring,circ,orb,staf,wand		early L50-65 req71 freq4 line1261; mid L66-80 req71 freq8 line1262; late L81-? req71 freq12 line1263	greater_m_all-stats 45-45	of the Zodiac	all-stats 21-30	349	exact base-name match
suffix	of the Greater Cobra	Greater Poison Resist +#% (Based on Character Level)	43	armo,ring,amul		early L50-65 req1 freq4 line1279; mid L66-80 req1 freq8 line1280; late L81-? req1 freq12 line1281	greater_m_res-pois/lvl(param=8)	of the Cobra	res-pois/lvl(param=6)	239	exact base-name match
suffix	of the Greater Efreeti	Greater Lightning Resist +#% (Based on Character Level)	43	armo,ring,amul		early L50-65 req1 freq4 line1276; mid L66-80 req1 freq8 line1277; late L81-? req1 freq12 line1278	greater_m_res-ltng/lvl(param=8)	of the Efreeti	res-ltng/lvl(param=6)	236	exact base-name match
suffix	of the Greater Elements	Greater Cold Resist +#% (Based on Character Level) & Fire Resist +#% (Based on Character Level) & Lightning Resist +#% (Based on Character Level)	43	circ,shld		early L50-65 req60 freq8 line1282; mid L66-80 req60 freq16 line1283; late L81-? req60 freq24 line1284	greater_m_res-cold/lvl(param=7); greater_res-fire/lvl(param=7); greater_res-ltng/lvl(param=7)	of the Elements	res-cold/lvl(param=5); res-fire/lvl(param=5); res-ltng/lvl(param=5)	243	exact base-name match
suffix	of the Greater Phoenix	Greater Fire Resist +#% (Based on Character Level)	43	armo,ring,amul		early L50-65 req1 freq4 line1273; mid L66-80 req1 freq8 line1274; late L81-? req1 freq12 line1275	greater_m_res-fire/lvl(param=8)	of the Phoenix	res-fire/lvl(param=6)	233	exact base-name match
suffix	of the Greater Yeti	Greater Cold Resist +#% (Based on Character Level)	43	armo,ring,amul		early L50-65 req1 freq4 line1270; mid L66-80 req1 freq8 line1271; late L81-? req1 freq12 line1272	greater_m_res-cold/lvl(param=8)	of the Yeti	res-cold/lvl(param=6)	230	exact base-name match
suffix	of the Greater Lich	Greater #% Mana stolen per hit & #% Life stolen per hit	60	ring,amul		early L50-65 req71 freq4 line1285; mid L66-80 req71 freq8 line1286; late L81-? req71 freq12 line1287	greater_m_manasteal 12-12; greater_lifesteal 15-15	of the Lich	manasteal 8-9; lifesteal 10-12	158	exact base-name match
suffix	of Greater Guarding	Greater +# Defense & +#% Enhanced Damage	61	ring,amul		early L50-65 req39 freq20 line1288; mid L66-80 req39 freq40 line1289; late L81-? req39 freq60 line1290	greater_m_ac 90-90	of Guarding	ac 26-50	5	exact base-name match
suffix	Greater Daze1	Greater Slows Target by #%	64	weap,glov		early L50-65 req35 freq8 line1294; mid L66-80 req35 freq16 line1295; late L81-? req35 freq24 line1296	greater_m_slow 33-33	Daze1	slow 16-20	491	exact base-name match
suffix	Greater Paralysis1	Greater Slows Target by #%	64	weap		early L1-65 req48 freq8 line1291; mid L66-80 req48 freq16 line1292; late L81-? req48 freq24 line1293	greater_m_slow 33-33	Paralysis1	slow 21-25	493	exact base-name match
suffix	of Greater Blindness1	Greater Hit Blinds Target +#	65	weap		early L50-65 req48 freq4 line1297; mid L66-80 req48 freq8 line1298; late L81-? req48 freq12 line1299	greater_m_stupidity 4-4	of Blindness1	stupidity 3-3	497	exact base-name match
suffix	of Greater Reanimation1	Greater Reanimate As: [Returned]	66	weap,glov,amul		early L50-65 req40 freq4 line1300; mid L66-80 req40 freq8 line1301; late L81-? req40 freq12 line1302	greater_m_reanimate(param=5) 7-7	of Reanimation1	reanimate(param=5) 3-5	499	exact base-name match
suffix	of the Greater Four Seasons2	Greater #% All Maximum Resistances	67	armo,shld,ring,amul		early L50-65 req64 freq4 line1306; mid L66-80 req64 freq8 line1307; late L81-? req64 freq12 line1308	greater_m_res-all-max 8-8	of the Four Seasons2	res-all-max 4-6	250	exact base-name match
suffix	of the Greater Soul2	Greater +# Life after each Kill	67	weap,belt,ring,amul,circ		early L50-65 req64 freq8 line1303; mid L66-80 req64 freq16 line1304; late L81-? req64 freq24 line1305	greater_m_heal-kill 33-33	of the Soul2	heal-kill 16-25	399	exact base-name match
suffix	of Greater Siphoning	Greater Life gained after each hit	80	mele,amaz		early L50-65 req17 freq1 line1309; mid L66-80 req17 freq1 line1310; late L81-? req17 freq2 line1311	greater_m_healperhit 16-16	of Siphoning	healperhit 10-12	735	exact base-name match
suffix	of the Greater Swift	Greater +#% Faster Attack Speed	200	misl		early L50-65 req43 freq1 line1312; mid L66-80 req43 freq2 line1313; late L81-? req43 freq3 line1314	greater_m_swing1 39-39	of the Swift	swing1 20-30	904	exact base-name match
suffix	of Greater Maiming	Greater #% Open Wounds	201	misl		early L50-65 req43 freq1 line1318; mid L66-80 req43 freq2 line1319; late L81-? req43 freq3 line1320	greater_m_openwounds 26-26	of Maiming	openwounds 15-20	912	exact base-name match
suffix	of Greater Piercing	Greater Piercing Attack	201	misl		early L50-65 req43 freq1 line1321; mid L66-80 req43 freq2 line1322; late L81-? req43 freq3 line1323	greater_m_pierce 39-39	of Piercing	pierce 20-30	916	exact base-name match
suffix	of Greater Slaying	Greater #% Deadly Strike	201	misl		early L50-65 req43 freq1 line1315; mid L66-80 req43 freq2 line1316; late L81-? req43 freq3 line1317	greater_m_deadly 26-26	of Slaying	deadly 15-20	908	exact base-name match
suffix	of the Greater Vampire	Greater #% Life stolen per hit	202	misl		early L50-65 req34 freq1 line1324; mid L66-80 req34 freq2 line1325; late L81-? req34 freq3 line1326	greater_m_lifesteal 13-13	of the Vampire	lifesteal 5-10	920	exact base-name match
suffix	of the Greater Bat	Greater #% Mana stolen per hit	203	misl		early L50-65 req34 freq1 line1327; mid L66-80 req34 freq2 line1328; late L81-? req34 freq3 line1329	greater_m_manasteal 13-13	of the Bat	manasteal 5-10	924	exact base-name match
suffix	of Greater Resistance	Greater All Resist	204	misl		early L50-65 req34 freq1 line1342; mid L66-80 req34 freq2 line1343; late L81-? req34 freq3 line1344	greater_m_res-all 16-16	of Resistance	res-all 8-12	944	exact base-name match
suffix	of Greater Resistance	Greater Cold Resist	204	misl		early L50-65 req34 freq1 line1333; mid L66-80 req34 freq2 line1334; late L81-? req34 freq3 line1335	greater_m_res-cold 39-39	of Resistance	res-cold 20-30	932	exact base-name match
suffix	of Greater Resistance	Greater Fire Resist	204	misl		early L50-65 req34 freq1 line1330; mid L66-80 req34 freq2 line1331; late L81-? req34 freq3 line1332	greater_m_res-fire 39-39	of Resistance	res-fire 20-30	928	exact base-name match
suffix	of Greater Resistance	Greater Lightning Resist	204	misl		early L50-65 req34 freq1 line1336; mid L66-80 req34 freq2 line1337; late L81-? req34 freq3 line1338	greater_m_res-ltng 39-39	of Resistance	res-ltng 20-30	936	exact base-name match
suffix	of Greater Resistance	Greater Poison Resist	204	misl		early L50-65 req34 freq1 line1339; mid L66-80 req34 freq2 line1340; late L81-? req34 freq3 line1341	greater_m_res-pois 39-39	of Resistance	res-pois 20-30	940	exact base-name match
suffix	of Greater Fortune	Greater magic and gold find	205	misl		early L50-65 req43 freq1 line1345; mid L66-80 req43 freq2 line1346; late L81-? req43 freq3 line1347	greater_m_mag% 52-52; greater_gold% 104-104	of Fortune	mag% 25-40; gold% 50-80	948	exact base-name match
suffix	of Greater Transcendence	Greater ctc amp damage	206	misl		early L50-65 req68 freq1 line1351; mid L66-80 req68 freq1 line1352; late L81-? req68 freq1 line1353	greater_m_hit-skill(param=Amplify Damage) 13-13; greater_pierce-dmg 20-20	of Transcendence	hit-skill(param=Amplify Damage) 10-10; pierce-dmg 10-15	955	exact base-name match
suffix	of Greater Transcendence	Greater ctc lower resist	206	misl		early L50-65 req68 freq1 line1348; mid L66-80 req68 freq1 line1349; late L81-? req68 freq1 line1350	greater_m_hit-skill(param=Lower Resist) 13-13; greater_pierce-elem 20-20	of Transcendence	hit-skill(param=Lower Resist) 10-10; pierce-elem 10-15	953	exact base-name match
suffix	of Greater Transcendence	Greater ctc weaken	206	misl		early L50-65 req68 freq1 line1354; mid L66-80 req68 freq1 line1355; late L81-? req68 freq1 line1356	greater_m_hit-skill(param=Weaken) 13-13; greater_pierce-mag 20-20	of Transcendence	hit-skill(param=Weaken) 10-10; pierce-mag 10-15	957	exact base-name match
