Greater candidate	Side	Group	Sample item	Greater weight	Apex weight before	Apex weight after	Current pool weight	After pool weight	Greater per slot after	Apex per slot before	Apex per slot after	Greater if 3 same-side slots	Apex if 3 same-side slots after	Greater vs apex after	Ordinary affix absolute drift	Apex rows counted	Apex baseline	Draft greater payload
Greater Gnostic	prefix	201	amul	16	16	160	468	4829	0.331%	3.419%	3.313%	1.154%	11.541%	10.0x rarer	-3.086%	Devil's; Gnostics	+5 random class skill rows in group 201	skill-rand +6, one class band per row
Greater Omniscient	prefix	125	amul	2	2	20	468	4829	0.041%	0.427%	0.414%	0.079%	0.792%	10.0x rarer	-3.086%	Omniscient	Omniscient/Sage's allskills in group 125	allskills +3 torso/amulet, +2 ring
Greater Sage	prefix	204	amul	2	2	20	468	4829	0.041%	0.427%	0.414%	0.163%	1.625%	10.0x rarer	-3.086%	Master Sage's	Master Sage's addxp in group 204	addxp 6
Greater Skilltab	prefix	125	amul	39	39	390	468	4829	0.808%	8.333%	8.076%	1.544%	15.440%	10.0x rarer	-3.086%	Accursed; Athlete's; Communal; Cunning; Echoing; Forbidden; Furious; Gaea's; Glacial; Golemlord's; Guardian's; Keeper's; Kenshi's; Malevolent; Marshal's; Powered; Rose Branded; Shadow; Torrid; Venomous; Volcanic	+3 skilltab rows in group 125	skilltab +4, one row per skill tree
Greater class skill	prefix	125	amul	30	30	300	468	4829	0.621%	6.410%	6.212%	1.188%	11.877%	10.0x rarer	-3.086%	Arch-Angel's; Arch-Devil's; Berserker's; Hierophant's; Necromancer's; Priest's; Valkyrie's; Witch-hunter's	+2 class skill rows, including Warlock, in group 125	+3 class skills on torso/amulet/circlet scopes
Greater Adamantine-Wrought	prefix	206	axe	4	4	40	1238	12472	0.032%	0.323%	0.321%	0.226%	2.257%	10.0x rarer	-0.738%	Adamantine-Wrought	Adamantine-Wrought ED/defense plus durability in group 206	weapon dmg% 110-130 or armor ac% 85-100 plus dur 80-100
Greater Celestial	prefix	123	axe	2	2	20	1238	12472	0.016%	0.162%	0.160%	0.118%	1.185%	10.0x rarer	-0.738%	Celestial	Celestial demon AR/damage in group 123	att-demon 451-550 plus dmg-demon 351-425
Greater Divine	prefix	142	axe	2	2	20	1238	12472	0.016%	0.162%	0.160%	0.118%	1.181%	10.0x rarer	-0.738%	Divine	Divine undead AR/damage in group 142	att-undead 500-650 plus dmg-undead 400-500
Greater Elemental	prefix	203	axe	2	2	20	1238	12472	0.016%	0.162%	0.160%	0.118%	1.181%	10.0x rarer	-0.738%	Elemental1	Elemental1 mixed elemental weapon row in group 203	dmg-elem above current range
Greater Grandmaster's	prefix	111	axe	14	14	140	1238	12472	0.112%	1.131%	1.123%	0.154%	1.541%	10.0x rarer	-0.738%	Grandmaster's; Wraithly1	Grandmaster's variants and Wraithly1 in group 111	dmg% 451-500 plus AR / Deadly / Crushing / Open Wounds rider
Greater Gritty	prefix	105	axe	14	14	140	1238	12472	0.112%	1.131%	1.123%	0.791%	7.913%	10.0x rarer	-0.738%	Gritty	Gritty damage-per-level in group 105	stronger dmg/lvl weapon scaling
Greater Platinum	prefix	110	axe	8	8	80	1238	12472	0.064%	0.646%	0.641%	0.437%	4.374%	10.0x rarer	-0.738%	Weird	highest attack-rating rows in group 110	att 351-450, item-scope split if needed
Greater Scorching/Shocking/Pestilent	prefix	138, 139, 140	axe	6	6	60	1238	12472	0.048%	0.485%	0.481%	0.353%	3.513%	10.0x rarer	-0.738%	Pestilent; Scorching; Shocking	weapon elemental damage prefixes in groups 138-140	one element per row, about 25-35% above current apex
Greater Savage	prefix	205	boot	4	4	40	777	7926	0.050%	0.515%	0.505%	0.493%	4.926%	10.0x rarer	-1.968%	Savage	Savage kick damage in group 205	kick 11-13
Greater Crushing/Fatal	prefix	202	glov	8	8	80	844	8622	0.093%	0.948%	0.928%	0.725%	7.254%	10.0x rarer	-2.111%	Crushing1; Fatal	Crushing and Fatal glove rows in group 202	crush/deadly 24-30, separate rows in same group
Greater Veracious	prefix	200	glov	2	2	20	844	8622	0.023%	0.237%	0.232%	0.184%	1.842%	10.0x rarer	-2.111%	Veracious1	Veracious attack% in group 200	att% 40-50
Greater Aureolin	prefix	121	jewl	8	8	80	160	1690	0.473%	5.000%	4.734%	1.541%	15.412%	10.0x rarer	-5.325%	Aureolin	Aureolin mana after kill in group 121	mana-kill 4-5
Greater Bloody	prefix	103	jewl	8	8	80	160	1690	0.473%	5.000%	4.734%	1.363%	13.626%	10.0x rarer	-5.325%	Bloody	Bloody min+max damage rows in group 103	dmg-min 9-12 plus dmg-max 18-24
Greater Avatar	prefix	137	lcha	1	1	10	279	2845	0.035%	0.358%	0.351%	0.102%	1.022%	10.0x rarer	-1.933%	Avatar	Avatar elemental large charm row in group 137	dmg-elem 35-45
Greater Hulking	prefix	143	lcha	6	6	60	279	2845	0.211%	2.151%	2.109%	0.670%	6.696%	10.0x rarer	-1.933%	Hulking	Hulking normal damage large charm in group 143	dmg-norm 70-85
Greater Lucky	prefix	114	lcha	6	6	60	279	2845	0.211%	2.151%	2.109%	0.685%	6.852%	10.0x rarer	-1.933%	Lucky	Lucky mag% plus gold% in group 114	mag% 30-35 plus gold% 60-70
Greater Ruby/Sapphire/Amber/Emerald	prefix	117, 118, 119, 120	lcha	24	24	240	279	2845	0.844%	8.602%	8.436%	2.596%	24.392%	10.0x rarer	-1.933%	Amber; Emerald; Ruby; Sapphire	single-element large charm resist rows in groups 117-120	single resist 34-40, one element per row
Greater Serpent's	prefix	115	lcha	3	3	30	279	2845	0.105%	1.075%	1.054%	0.331%	3.312%	10.0x rarer	-1.933%	Serpent's	Serpent's mana in group 115	mana 70-85
Greater Serrated	prefix	104	lcha	3	3	30	279	2845	0.105%	1.075%	1.054%	0.339%	3.391%	10.0x rarer	-1.933%	Serrated	Serrated large charm enhanced damage in group 104	dmg% 30-35 on large charms
Greater Shimmering	prefix	116	lcha	3	3	30	279	2845	0.105%	1.075%	1.054%	0.335%	3.352%	10.0x rarer	-1.933%	Shimmering	Shimmering all resistance in group 116	res-all 15-18
Greater missile prefixes	prefix	220, 221, 222, 223, 224, 225, 226, 227	misl	30	30	300	90	930	3.226%	33.333%	32.258%	9.369%	68.913%	10.0x rarer	-3.226%	Apprentice; Corosive; Flaming; Jagged; Lizard's; Sharp; Shivering; Static; Sturdy	missile-only prefix groups 220-227	stronger quiver/missile weapon stat family rows
Greater Antimagic	prefix	102	shld	8	8	80	855	8742	0.092%	0.936%	0.915%	0.727%	7.271%	10.0x rarer	-2.196%	Antimagic	Antimagic res-mag 16-20 in group 102	res-mag 24-30
Greater Vulpine	prefix	107	shld	6	6	60	855	8742	0.069%	0.702%	0.686%	0.588%	5.879%	10.0x rarer	-2.196%	Vulpine	Vulpine damage-to-mana in group 107	dmg-to-mana 16-20
Greater Aureole	prefix	207	tors	2	2	20	857	8752	0.023%	0.233%	0.229%	0.186%	1.857%	10.0x rarer	-2.080%	Aureole	Aureole aura rows in group 207	higher aura level; needs per-aura balance
Greater Godly	prefix	101	tors	118	118	1180	857	8752	1.348%	13.769%	13.483%	1.758%	17.584%	10.0x rarer	-2.080%	Godly; Invulnerable1; Wraithly1	Godly, Invulnerable1, armor Wraithly1 in group 101	ac% 250-300 plus red-dmg% 26-30
Greater Elemental Mastery	prefix	209	wand	8	8	80	367	3744	0.214%	2.180%	2.137%	0.599%	5.993%	10.0x rarer	-1.976%	Frost Wyrm's2; Manticore's2; Pyromaniac's2; Zeus's2	extra-fire/cold/lightning/poison caster rows in group 209	extra-* 14-16
Greater Elemental Pierce	prefix	209	wand	8	8	80	367	3744	0.214%	2.180%	2.137%	0.599%	5.993%	10.0x rarer	-1.976%	Frost Wyrm's2; Manticore's2; Pyromaniac's2; Zeus's2	pierce-fire/cold/lightning/poison caster rows in group 209	pierce-* 14-16
Greater Enlightenment	suffix	23	amul	36	36	360	3281	33766	0.107%	1.097%	1.066%	0.325%	3.247%	10.0x rarer	-2.831%	of Enlightenment	Energy rows in group 23	enr 36-40, scope split if needed
Greater Zodiac	suffix	42	amul	12	12	120	3281	33766	0.036%	0.366%	0.355%	0.109%	1.092%	10.0x rarer	-2.831%	of the Zodiac	Zodiac all-stats in group 42	all-stats 38-45
Greater jewelry elemental damage	suffix	10, 12, 13, 16	amul	84	84	840	3281	33766	0.249%	2.560%	2.488%	0.761%	7.483%	10.0x rarer	-2.831%	of Blight; of Burning; of Storms; of the Glacier	Glacier/Burning/Storms/Blight jewelry elemental rows in groups 10,12,13,16	about 25-35% above current apex, one element per row
Greater Blindness	suffix	65	axe	12	12	120	2715	27792	0.043%	0.442%	0.432%	0.149%	1.486%	10.0x rarer	-2.310%	of Blindness1	Blindness hit blinds target in group 65	stupidity 4
Greater Draining	suffix	80	axe	2	2	20	2715	27792	0.007%	0.074%	0.072%	0.025%	0.249%	10.0x rarer	-2.310%	of Siphoning	Siphoning heal per hit in group 80	healperhit 14-16
Greater Evisceration	suffix	14	axe	88	88	880	2715	27792	0.317%	3.241%	3.166%	0.728%	7.278%	10.0x rarer	-2.310%	of Evisceration	Evisceration max damage in group 14	dmg-max 150-165
Greater Paralysis	suffix	64	axe	24	24	240	2715	27792	0.086%	0.884%	0.864%	0.290%	2.901%	10.0x rarer	-2.310%	Paralysis1	Paralysis slow target in group 64	slow 28-33
Greater Quickness	suffix	7	axe	60	60	600	2715	27792	0.216%	2.210%	2.159%	0.668%	6.685%	10.0x rarer	-2.310%	of Quickness	Quickness IAS in group 7	swing3 50
Greater Transcendence	suffix	15	axe	24	24	240	2715	27792	0.086%	0.884%	0.864%	0.294%	2.942%	10.0x rarer	-2.310%	of Transcendence	Transcendence min damage in group 15	dmg-min 75-85
Greater Wealth	suffix	21	belt	48	48	480	1056	10896	0.441%	4.545%	4.405%	1.446%	14.461%	10.0x rarer	-3.084%	of Wealth	Wealth gold find in group 21	gold% 100-120
Greater Perfection	suffix	17	boot	36	36	360	1029	10662	0.338%	3.499%	3.376%	1.055%	10.553%	10.0x rarer	-3.489%	of Perfection	Perfection dexterity in group 17	dex 36-40
Greater Regeneration	suffix	19	boot	48	48	480	1029	10662	0.450%	4.665%	4.502%	1.443%	14.428%	10.0x rarer	-3.489%	of Regeneration	Regeneration life regen in group 19	regen 6-8
Greater Reanimation	suffix	66	glov	12	12	120	1109	11606	0.103%	1.082%	1.034%	0.331%	3.308%	10.0x rarer	-4.446%	of Reanimation1	Reanimation in group 66	higher reanimate chance/level
Greater Prosperity	suffix	22	jewl	12	12	120	1304	13648	0.088%	0.920%	0.879%	0.278%	2.783%	10.0x rarer	-4.455%	of Prosperity	Prosperity magic find in group 22	mag% 26-30
Greater Balance	suffix	18	lcha	6	6	60	88	926	0.648%	6.818%	6.479%	2.859%	28.586%	10.0x rarer	-4.968%	of Balance	Balance FHR on large charms in group 18	balance3 13-15
Greater Inertia	suffix	35	lcha	6	6	60	88	926	0.648%	6.818%	6.479%	2.859%	28.586%	10.0x rarer	-4.968%	of Inertia	Inertia FRW large charm in group 35	move3 13-15
Greater Vita	suffix	26	lcha	6	6	60	88	926	0.648%	6.818%	6.479%	2.859%	28.586%	10.0x rarer	-4.968%	of Vita	Vita life on large charms in group 26	hp 80-95
Greater missile suffixes	suffix	200, 201, 202, 203, 204, 205, 206	misl	39	39	390	120	1239	3.148%	32.500%	31.477%	9.098%	67.590%	10.0x rarer	-3.148%	of Fortune; of Maiming; of Piercing; of Resistance; of Slaying; of Transcendence; of the Bat; of the Swift; of the Vampire	missile-only suffix groups 200-206	stronger quiver/missile weapon suffix rows
Greater Magus	suffix	9	orb	60	60	600	1528	15676	0.383%	3.927%	3.828%	1.163%	11.626%	10.0x rarer	-2.526%	of the Magus	Magus FCR in group 9	cast3 25
Greater Coalescence	suffix	3	ring	36	36	360	2675	27718	0.130%	1.346%	1.299%	0.373%	3.729%	10.0x rarer	-3.492%	of Chilling Coalescence1; of Fire Coalescence1; of Lightning Coalescence1	elemental absorb percent rows in group 3	abs-fire/ltng/cold% 28-35, one element per row
Greater Elephant	suffix	41	ring	24	24	240	2675	27718	0.087%	0.897%	0.866%	0.273%	2.731%	10.0x rarer	-3.492%	of the Elephant	Elephant hp/lvl and mana/lvl in group 41	stronger hp/lvl plus mana/lvl
Greater Guarding	suffix	61	ring	60	60	600	2675	27718	0.216%	2.243%	2.165%	0.641%	6.408%	10.0x rarer	-3.492%	of Guarding	Guarding flat defense on jewelry in group 61	ac 60-90
Greater Lamprey/Vampire	suffix	27, 28	ring	72	72	720	2675	27718	0.260%	2.692%	2.598%	0.788%	7.793%	10.0x rarer	-3.492%	of the Lamprey; of the Vampire	single leech rows in groups 27 and 28	lifesteal/manasteal above current top, scope split
Greater Lich	suffix	60	ring	12	12	120	2675	27718	0.043%	0.449%	0.433%	0.136%	1.360%	10.0x rarer	-3.492%	of the Lich	Lich dual leech in group 60	manasteal 10-12 plus lifesteal 13-15
Greater Titan	suffix	31	ring	36	36	360	2675	27718	0.130%	1.346%	1.299%	0.396%	3.964%	10.0x rarer	-3.492%	of the Titan	strength/dex/vit/enr rows in group 31	primary stat 26-30 or equivalent scope split
Greater Deflecting	suffix	8	shld	76	76	760	1779	18286	0.416%	4.272%	4.156%	1.228%	12.281%	10.0x rarer	-2.712%	of Deflecting	Deflecting block rows in group 8	block 35-40 plus block2 40
Greater Elements	suffix	43	shld	24	24	240	1779	18286	0.131%	1.349%	1.312%	0.400%	3.997%	10.0x rarer	-2.712%	of the Elements	Elements res/lvl row in group 43	stronger multi-res per level
Greater Four Seasons	suffix	67	shld	12	12	120	1779	18286	0.066%	0.675%	0.656%	0.198%	1.984%	10.0x rarer	-2.712%	of the Four Seasons2	Four Seasons max all resist in group 67	res-all-max 7-8
Greater Negation	suffix	2	shld	48	48	480	1779	18286	0.262%	2.698%	2.625%	0.734%	7.338%	10.0x rarer	-2.712%	of Negation	Negation res-mag 14-20 in group 2	res-mag 24-30
Greater Anima	suffix	1	tors	48	48	480	1499	15410	0.311%	3.202%	3.115%	0.964%	9.635%	10.0x rarer	-2.726%	of Anima	Anima flat damage reduction in group 1	red-dmg 18-24
Greater Thorns	suffix	6	tors	48	48	480	1499	15410	0.311%	3.202%	3.115%	0.880%	8.804%	10.0x rarer	-2.726%	of Thorns	Thorns flat/level retaliation in group 6	stronger thorns/lvl
